Category,Name,Price,Rating,Reviews,URL,Price_Segment,Name_Length,Price_Per_Char
Sports,480ml Vacuum Thermos Keep Warm Keep Cold Water Bottle LCD Temperature Display Stainless Steel Double Wall Insulated Cup,6.49,0.0,0,https://www.banggood.com/480ml-Vacuum-Thermos-Keep-Warm-Keep-Cold-Water-Bottle-LCD-Temperature-Display-Stainless-Steel-Double-Wall-Insulated-Cup-p-1975323.html?rmmds=SportsFlashDeals&cur_warehouse=CN&ID=6287832,Budget (<$10),119,0.054537815126050423
Sports,TENGOO Outdoors Mesh Material Breathable Anti-slip Lightweight Sport shoes Air shoes for Running Basketball Workout Gym,24.99,0.0,0,https://www.banggood.com/TENGOO-Outdoors-Mesh-Material-Breathable-Anti-slip-Lightweight-Sport-shoes-Air-shoes-for-Running-Basketball-Workout-Gym-p-2008143.html?rmmds=SportsFlashDeals&cur_warehouse=CN&ID=62878586290768,Mid-Range ($10-50),119,0.21
Sports,LAOTIE Round Brake Pad Electric Scooter Front Rear Scooter Disc Brake Pad Repair Tool Electric Scooter For LAOTIE ES10  ES18 Lite  L8S pro ES18 ES18P,4.99,0.0,0,https://www.banggood.com/LAOTIE-Round-Brake-Pad-Electric-Scooter-Front-Rear-Scooter-Disc-Brake-Pad-Repair-Tool-Electric-Scooter-For-LAOTIE-ES10-ES18-Lite-L8S-pro-ES18-ES18P-p-1962505.html?rmmds=SportsFlashDeals&cur_warehouse=CN&ID=0,Budget (<$10),149,0.03348993288590604
Sports,TENGOO Winter Outdoor Sports Cycling Gloves Windproof Waterproof Fleece Cold-Proof Ski Finger Touchscreen Non-Slip Motorcycle Gloves,7.29,0.0,0,https://www.banggood.com/TENGOO-Winter-Outdoor-Sports-Cycling-Gloves-Windproof-Waterproof-Fleece-Cold-Proof-Ski-Finger-Touchscreen-Non-Slip-Motorcycle-Gloves-p-2026532.html?rmmds=SportsFlashDeals&cur_warehouse=CN&ID=6287638,Budget (<$10),132,0.05522727272727273
Sports,Bijia Portable Little Paul 10x25mm Binoculars High-power HD Low-light Night Vision Concert Watching Bird BAK4 FMC Telescope,25.7,0.0,0,https://www.banggood.com/Bijia-Portable-Little-Paul-10x25mm-Binoculars-High-power-HD-Low-light-Night-Vision-Concert-Watching-Bird-BAK4-FMC-Telescope-p-2036431.html?rmmds=SportsFlashDeals&cur_warehouse=CN&ID=6287830,Mid-Range ($10-50),123,0.2089430894308943
Sports,IPRee Solar Camp Light Charging Decoration Atmosphere Light LED Desk Lamp Outdoor Camping Bar Light Table Light Lantern Home Decor,14.4,0.0,0,https://www.banggood.com/IPRee-Solar-Camp-Light-Charging-Decoration-Atmosphere-Light-LED-Desk-Lamp-Outdoor-Camping-Bar-Light-Table-Light-Lantern-Home-Decor-p-2040091.html?rmmds=SportsFlashDeals&cur_warehouse=CN&ID=6287830,Mid-Range ($10-50),130,0.11076923076923077
Sports,IPRee 12V 10W Waterproof Solar Panel Kit Efficient Power Supply for Cars and Motorcycles for Camping and Outdoor,26.8,0.0,0,https://www.banggood.com/IPRee-12V-10W-Waterproof-Solar-Panel-Kit-Efficient-Power-Supply-for-Cars-and-Motorcycles-for-Camping-and-Outdoor-p-2038796.html?rmmds=SportsFlashDeals&cur_warehouse=CN&ID=523605,Mid-Range ($10-50),112,0.2392857142857143
Sports,LAOTIE B06 B08 5000Lm Brightness Bike Headlight 8 LED Large Beads Dual Distance Beam Design 10000mAh Battery Phone Emergency Power Bank IPX5 Waterproof 4 Light Modes Fast Charge Bicycle Digital Display Front Light for Electric Bike Scooter MTB Bikes,20.99,0.0,0,https://www.banggood.com/LAOTIE-B06-B08-5000Lm-Brightness-Bike-Headlight-8-LED-Large-Beads-Dual-Distance-Beam-Design-10000mAh-Battery-Phone-Emergency-Power-Bank-IPX5-Waterproof-4-Light-Modes-Fast-Charge-Bicycle-Digital-Display-Front-Light-for-Electric-Bike-Scooter-MTB-Bikes-p-2023549.html?rmmds=SportsFlashDeals&cur_warehouse=CN&ID=6329636,Mid-Range ($10-50),249,0.08429718875502007
Sports,TENGOO Summer Water Wading Shoes Unisex Outdoor Athletic Breathable Non-slip Hiking Shoes for Outdoors Fun,16.99,0.0,0,https://www.banggood.com/TENGOO-Summer-Water-Wading-Shoes-Unisex-Outdoor-Athletic-Breathable-Non-slip-Hiking-Shoes-for-Outdoors-Fun-p-2010421.html?rmmds=SportsFlashDeals&cur_warehouse=CN&ID=474406287830,Mid-Range ($10-50),106,0.1602830188679245
Sports,6 Blade Fireplace Fan Heat Powered Wood Burn Fan No Electricity Oven Fan for Stove/Log Burner/Fireplace Eco Friendly Fan,19.99,0.0,0,https://www.banggood.com/6-Blade-Fireplace-Fan-Heat-Powered-Wood-Burn-Fan-No-Electricity-Oven-Fan-for-Stove-or-Log-Burner-or-Fireplace-Eco-Friendly-Fan-p-2020406.html?rmmds=SportsFlashDeals&cur_warehouse=CN&ID=510655,Mid-Range ($10-50),120,0.16658333333333333
Sports,TENGOO Outdoors Mesh Material Breathable Anti-slip Lightweight Casual Sport shoes for Running Basketball Workout Gym,13.99,0.0,0,https://www.banggood.com/TENGOO-Outdoors-Mesh-Material-Breathable-Anti-slip-Lightweight-Casual-Sport-shoes-for-Running-Basketball-Workout-Gym-p-2010445.html?rmmds=SportsFlashDeals&cur_warehouse=CN&ID=5655086314279,Mid-Range ($10-50),116,0.12060344827586207
Sports,ANGWATT Round Brake Pad For ANGWATT CS1 ANGWATT F1 NEW ANGWATT CS1 2025 Electric Scooter Front Rear Scooter Disc Brake Pad Repair Tool Electric Scooter For ANGWATT CS1 ANGWATT F1 NEW,4.38,0.0,0,https://www.banggood.com/ANGWATT-Round-Brake-Pad-For-ANGWATT-CS1-ANGWATT-F1-NEW-ANGWATT-CS1-2025-Electric-Scooter-Front-Rear-Scooter-Disc-Brake-Pad-Repair-Tool-Electric-Scooter-For-ANGWATT-CS1-ANGWATT-F1-NEW-p-2020006.html?rmmds=SportsFlashDeals&cur_warehouse=CN&ID=0,Budget (<$10),182,0.024065934065934064
Sports,"TENGOO HV-13 Electric Heated Vest - 13 Heating Areas Loose Fit for Unisex, USB Chargeable & Waterproof for Winter Outdoors",23.99,0.0,0,"https://www.banggood.com/TENGOO-HV-13-Electric-Heated-Vest-13-Heating-Areas-Loose-Fit-for-Unisex,USB-Chargeable-and-Waterproof-for-Winter-Outdoors-p-2021103.html?rmmds=SportsFlashDeals&cur_warehouse=CN&ID=6287620",Mid-Range ($10-50),122,0.19663934426229507
Sports,GTMedia V8 Finder Pro 2 Celestial Planet Finder Digital Tracker Handheld Combo Meter Support DVB S2 T2 Cable Signal Finder,88.99,0.0,0,https://www.banggood.com/GTMedia-V8-Finder-Pro-2-Celestial-Planet-Finder-Digital-Tracker-Handheld-Combo-Meter-Support-DVB-S2-T2-Cable-Signal-Finder-p-2029610.html?rmmds=SportsFlashDeals&cur_warehouse=CN&ID=6296615,Premium ($50-200),122,0.7294262295081967
Sports,SEEKNITE USB Rechargeable LED Camping Lantern with Magnetic Base and Multi-Source COB Work/Repair Light for Outdoor Use,22.99,0.0,0,https://www.banggood.com/SEEKNITE-USB-Rechargeable-LED-Camping-Lantern-with-Magnetic-Base-and-Multi-Source-COB-Work-or-Repair-Light-for-Outdoor-Use-p-2033044.html?rmmds=SportsFlashDeals&cur_warehouse=CN&ID=6287830,Mid-Range ($10-50),119,0.19319327731092437
Sports,5V 15W USB Solar Chargers with 5 Folding Solar Panel Portable Solar Cell Waterproof Solar Battery Chargers Power Bank,27.89,0.0,0,https://www.banggood.com/5V-15W-USB-Solar-Chargers-with-5-Folding-Solar-Panel-Portable-Solar-Cell-Waterproof-Solar-Battery-Chargers-Power-Bank-p-1985263.html?rmmds=SportsFlashDeals&cur_warehouse=CN&ID=0,Mid-Range ($10-50),117,0.23837606837606837
Sports,ROCKBROS Magnetic Bicycle Taillight Smart Brake Light 7 Lighting Modes IPX6 Waterproof USB Rechargeable LED Bicycle Rear Light for Night Riding,12.99,0.0,0,https://www.banggood.com/ROCKBROS-Magnetic-Bicycle-Taillight-Smart-Brake-Light-7-Lighting-Modes-IPX6-Waterproof-USB-Rechargeable-LED-Bicycle-Rear-Light-for-Night-Riding-p-2029377.html?rmmds=SportsFlashDeals&cur_warehouse=CN&ID=6287830,Mid-Range ($10-50),143,0.09083916083916084
Sports,Xiaolang Smart Electric Water Dispenser Portable Automatic Water Pump for Household use Small Water fold Drinkware Kitchen,10.99,0.0,0,https://www.banggood.com/Xiaolang-Smart-Electric-Water-Dispenser-Portable-Automatic-Water-Pump-for-Household-use-Small-Water-fold-Drinkware-Kitchen-p-2027516.html?rmmds=SportsFlashDeals&cur_warehouse=CN&ID=6330588,Mid-Range ($10-50),122,0.09008196721311476
Sports,TENGOO Men Sneakers Ultralight Soft Breathable Bouncy Shock Absorption Running Sports Shoes,23.99,0.0,0,https://www.banggood.com/TENGOO-Men-Sneakers-Ultralight-Soft-Breathable-Bouncy-Shock-Absorption-Running-Sports-Shoes-p-2010473.html?rmmds=SportsFlashDeals&cur_warehouse=CN&ID=5655066320015,Mid-Range ($10-50),91,0.2636263736263736
Sports,ANGWATT Brake Pad For ANGWATT T1 3.0 ANGWATT T1 2.0 ANGWATT C1 2.0 ANGWATT C1 MAX ANGWATT CS1 PRO ANGWATT X1 X1 2.0,4.38,0.0,0,https://www.banggood.com/ANGWATT-Brake-Pad-For-ANGWATT-T1-3_0-ANGWATT-T1-2_0-ANGWATT-C1-2_0-ANGWATT-C1-MAX-ANGWATT-CS1-PRO-ANGWATT-X1-X1-2_0-p-2021148.html?rmmds=SportsFlashDeals&cur_warehouse=CN&ID=0,Budget (<$10),115,0.03808695652173913
Sports,TENGOO 1Pair Electric Heated Insoles Croppable Thermal Comfortable USB Rechargeable Insoles for Winter Outdoor Skiing,7.49,0.0,0,https://www.banggood.com/TENGOO-1Pair-Electric-Heated-Insoles-Croppable-Thermal-Comfortable-USB-Rechargeable-Insoles-for-Winter-Outdoor-Skiing-p-1999094.html?rmmds=SportsFlashDeals&cur_warehouse=CN&ID=0,Budget (<$10),117,0.06401709401709402
Sports,"IPRee USB Lens Heater Warmer Strip with 3 Heat Settings Temperature Regulator for Camera Lens Dew Removing, Lens Heater for Outdoor Telescope Eyepieces Protection",6.99,0.0,0,"https://www.banggood.com/IPRee-USB-Lens-Heater-Warmer-Strip-with-3-Heat-Settings-Temperature-Regulator-for-Camera-Lens-Dew-Removing,Lens-Heater-for-Outdoor-Telescope-Eyepieces-Protection-p-2025988.html?rmmds=SportsFlashDeals&cur_warehouse=CN&ID=6286072",Budget (<$10),162,0.04314814814814815
Sports,Outdoor Camping Lantern Portable Charging LED Searchlight Tent Magnetic Attraction with Hook Flashlight Outage Emergency Work Light,10.07,0.0,0,https://www.banggood.com/Outdoor-Camping-Lantern-Portable-Charging-LED-Searchlight-Tent-Magnetic-Attraction-with-Hook-Flashlight-Outage-Emergency-Work-Light-p-2042172.html?rmmds=SportsFlashDeals&cur_warehouse=CN&ID=6287837,Mid-Range ($10-50),131,0.07687022900763359
Sports,1000W Solar Panel 12V Solar Cell 20A Controller Solar Plate Kit For Phone RV Car Caravan Home Camping Outdoor Battery,30.87,0.0,0,https://www.banggood.com/1000W-Solar-Panel-12V-Solar-Cell-20A-Controller-Solar-Plate-Kit-For-Phone-RV-Car-Caravan-Home-Camping-Outdoor-Battery-p-2014664.html?rmmds=SportsFlashDeals&cur_warehouse=CN&ID=6326423,Mid-Range ($10-50),117,0.26384615384615384
Sports,Baseus Phone Holder 5.7,7.99,0.0,0,https://www.banggood.com/Baseus-Phone-Holder-5_7-inch-7_2-inch-Adjustable-Phone-Clip-Stand-Shockproof-Portable-Bike-Holder-Phone-Bracket-for-Motorcycle-Bicycle-p-2013441.html?rmmds=SportsFlashDeals&cur_warehouse=CN&ID=0,Budget (<$10),23,0.3473913043478261
Sports,ROCKBROS 3.5L Lightweight Bike Saddle Bag Compact Size Capacity Portable Handbag Multifunction Cycling Bag Bicycle Accessories,7.99,0.0,0,https://www.banggood.com/ROCKBROS-3_5L-Lightweight-Bike-Saddle-Bag-Compact-Size-Capacity-Portable-Handbag-Multifunction-Cycling-Bag-Bicycle-Accessories-p-2023788.html?rmmds=SportsFlashDeals&cur_warehouse=CN&ID=6287941,Budget (<$10),126,0.06341269841269842
Sports,"TENGOO HZ-23 23 Zones Heated Jacket - Four-control, USB & DC Port, Smart Thermal Warm Jacket Uniex Heated Hooded Coat Outdoor Sportswear",34.99,0.0,0,"https://www.banggood.com/TENGOO-HZ-23-23-Zones-Heated-Jacket-Four-control,USB-and-DC-Port,Smart-Thermal-Warm-Jacket-Uniex-Heated-Hooded-Coat-Outdoor-Sportswear-p-2040560.html?rmmds=SportsFlashDeals&cur_warehouse=CN&ID=6287638",Mid-Range ($10-50),136,0.2572794117647059
Sports,"IPRee Multi-Functional Claw Hammer Sheep Horn Hammer, Convenient Camping Combination Small Tool, Stainless Steel Pliers  for Outdoor and DIY Use",15.99,0.0,0,"https://www.banggood.com/IPRee-Multi-Functional-Claw-Hammer-Sheep-Horn-Hammer,Convenient-Camping-Combination-Small-Tool,Stainless-Steel-Pliers-for-Outdoor-and-DIY-Use-p-2043289.html?rmmds=SportsFlashDeals&cur_warehouse=CN&ID=6287830",Mid-Range ($10-50),144,0.11104166666666666
Sports,TENGOO HV-02 Unisex 2 Zone Heating Vest 3-Gears Heated Jackets USB Electric Thermal Clothing Winter Warm Vest Outdoor Heat Coat Clothing,16.99,0.0,0,https://www.banggood.com/TENGOO-HV-02-Unisex-2-Zone-Heating-Vest-3-Gears-Heated-Jackets-USB-Electric-Thermal-Clothing-Winter-Warm-Vest-Outdoor-Heat-Coat-Clothing-p-2040359.html?rmmds=SportsFlashDeals&cur_warehouse=CN&ID=6287638,Mid-Range ($10-50),136,0.12492647058823528
Sports,IPRee 16 In 1 Multifunctional Hammer Survival Tool Folding Pocket Pliers With Screwdriver Bottle Opener For Survival Camping Hunting Outdoor,29.4,0.0,0,https://www.banggood.com/IPRee-16-In-1-Multifunctional-Hammer-Survival-Tool-Folding-Pocket-Pliers-With-Screwdriver-Bottle-Opener-For-Survival-Camping-Hunting-Outdoor-p-2041228.html?rmmds=SportsFlashDeals&cur_warehouse=CN&ID=224,Mid-Range ($10-50),140,0.21
Sports,XHP70 Strong LED Headlamp Type-C USB Charging Outdoor Fishing Zoom Headlight Bike Running Search Head Lamp,10.37,0.0,0,https://www.banggood.com/XHP70-Strong-LED-Headlamp-Type-C-USB-Charging-Outdoor-Fishing-Zoom-Headlight-Bike-Running-Search-Head-Lamp-p-1992739.html?rmmds=SportsFlashDeals&cur_warehouse=CN&ID=0,Mid-Range ($10-50),106,0.09783018867924527
Sports,TF-100 36V-60V 5 Pin LCD Electric Scooter Universal Display For YUNLI JINGBO Controller LAOTIE TI30 ES19 ANGWATT T1 C1 F1 BOYUEDA KUGOO KUKIRIN DUOTTS TF100,19.99,0.0,0,https://www.banggood.com/TF-100-36V-60V-5-Pin-LCD-Electric-Scooter-Universal-Display-For-YUNLI-JINGBO-Controller-LAOTIE-TI30-ES19-ANGWATT-T1-C1-F1-BOYUEDA-KUGOO-KUKIRIN-DUOTTS-TF100-p-1998224.html?rmmds=SportsFlashDeals&cur_warehouse=CN&ID=0,Mid-Range ($10-50),156,0.12814102564102564
Sports,"TENGOO HT-08A Women Electric Heated Trousers - 8 Heating Areas, 3 Temperature Control, Waterproof Winter Warm Thermal Leggings Pants for Outdoors",51.99,0.0,0,"https://www.banggood.com/TENGOO-HT-08A-Women-Electric-Heated-Trousers-8-Heating-Areas,3-Temperature-Control,Waterproof-Winter-Warm-Thermal-Leggings-Pants-for-Outdoors-p-2041894.html?rmmds=SportsFlashDeals&cur_warehouse=CN&ID=6287636",Premium ($50-200),145,0.35855172413793107
Sports,Bikight LX200 Wave Sensor 1200mAh 270째 Wide Range 350LM 5 Lighting Modes LED Headlamp USB Rechargeable Head Torch COB Outdoor Cycling Adventure Fishing Flashlight Bike Headlamp,7.99,0.0,0,https://www.banggood.com/Bikight-LX200-Wave-Sensor-1200mAh-270-Wide-Range-350LM-5-Lighting-Modes-LED-Headlamp-USB-Rechargeable-Head-Torch-COB-Outdoor-Cycling-Adventure-Fishing-Flashlight-Bike-Headlamp-p-1854092.html?rmmds=SportsFlashDeals&cur_warehouse=CN&ID=6321046,Budget (<$10),176,0.04539772727272728
Sports,"IPRee Outdoor Solar Charging 2000LM Emergency Light Long 5000mAh Battery Life, USB Charging Portable And Long-Lasting Illumination For Outdoor Folding Camping Tent Lights",17.99,0.0,0,"https://www.banggood.com/IPRee-Outdoor-Solar-Charging-2000LM-Emergency-Light-Long-5000mAh-Battery-Life,USB-Charging-Portable-And-Long-Lasting-Illumination-For-Outdoor-Folding-Camping-Tent-Lights-p-2032566.html?rmmds=SportsFlashDeals&cur_warehouse=CN&ID=6287837",Mid-Range ($10-50),170,0.10582352941176469
Sports,LAOTIE 36-60V Wide Voltage Turn Signal Light Electric Scootor Taillight For Electric Scooters For ES19 TI30 T30 SR10 ES18 Lite,7.99,0.0,0,https://www.banggood.com/LAOTIE-36-60V-Wide-Voltage-Turn-Signal-Light-Electric-Scootor-Taillight-For-Electric-Scooters-For-ES19-TI30-T30-SR10-ES18-Lite-p-1959442.html?rmmds=SportsFlashDeals&cur_warehouse=CN&ID=0,Budget (<$10),126,0.06341269841269842
Sports,KALOAD Dynamometer Hand Grips Electronic Grip Strengthener LED Display Intelligent Electronic Grip Meter,19.99,0.0,0,https://www.banggood.com/KALOAD-Dynamometer-Hand-Grips-Electronic-Grip-Strengthener-LED-Display-Intelligent-Electronic-Grip-Meter-p-2025281.html?rmmds=SportsFlashDeals&cur_warehouse=CN&ID=233,Mid-Range ($10-50),104,0.19221153846153843
Sports,ANGWATT 60V Electric Scooter Charger For LAOTIE ES19 TI30 ES18P SR10 ANGWATT T1 X1 C1 MAX DUOTTS D88 BOYUEDA S3,21.91,0.0,0,https://www.banggood.com/ANGWATT-60V-Electric-Scooter-Charger-For-LAOTIE-ES19-TI30-ES18P-SR10-ANGWATT-T1-X1-C1-MAX-DUOTTS-D88-BOYUEDA-S3-p-1995392.html?rmmds=SportsFlashDeals&cur_warehouse=CN&ID=0,Mid-Range ($10-50),111,0.1973873873873874
Sports,XIAOMI Mijia Massage Gun 3 Mini Edition Smart Dual Mode 12kg High Thrust Brushless Silent Motor Gear Memory Strength Indicator Light Ring Portable Muscle Effective Relief Massage Gun,49.99,0.0,0,https://www.banggood.com/XIAOMI-Mijia-Massage-Gun-3-Mini-Edition-Smart-Dual-Mode-12kg-High-Thrust-Brushless-Silent-Motor-Gear-Memory-Strength-Indicator-Light-Ring-Portable-Muscle-Effective-Relief-Massage-Gun-p-2030654.html?rmmds=SportsFlashDeals&cur_warehouse=CN&ID=6288208,Mid-Range ($10-50),182,0.27467032967032967
Sports,ATuMan DUKA LS-P Intelligent Digital Laser Rangefinder Rechargeable Hunting Golf Distance Meter Range Finder,22.99,0.0,0,https://www.banggood.com/ATuMan-DUKA-LS-P-Intelligent-Digital-Laser-Rangefinder-Rechargeable-Hunting-Golf-Distance-Meter-Range-Finder-p-1515410.html?rmmds=SportsFlashDeals&cur_warehouse=CN&ID=0,Mid-Range ($10-50),108,0.21287037037037035
Sports,Trustfire H7R 2000 Lumen Red White 4000K CRI95 Head LED Headlamp Work Light USB Rechargeable with Spotlight Floodlight LED Headlight,35.5,0.0,0,https://www.banggood.com/Trustfire-H7R-2000-Lumen-Red-White-4000K-CRI95-Head-LED-Headlamp-Work-Light-USB-Rechargeable-with-Spotlight-Floodlight-LED-Headlight-p-2041824.html?rmmds=SportsFlashDeals&cur_warehouse=CN&ID=6287851,Mid-Range ($10-50),132,0.2689393939393939
Sports,[Type-C Version]MAGICSHINE RN120 V2.0 Bike Taillight 260째 Visibility IPX6 Waterproof 2000m Distance Bicycle Rear Light for Night Cycling,19.99,0.0,0,https://www.banggood.com/Type-C-VersionMAGICSHINE-RN120-V2_0-Bike-Taillight-260-Visibility-IPX6-Waterproof-2000m-Distance-Bicycle-Rear-Light-for-Night-Cycling-p-1993805.html?rmmds=SportsFlashDeals&cur_warehouse=CN&ID=0,Mid-Range ($10-50),136,0.14698529411764705
Sports,ANGWATT Switch Handlebar Switch Shift For ANGWATT X1 ANGWATT CS1 ANGWATT F1 NEW ANGWATT T1 2.0 ANGWATT C1 MAX ANGWATT C1 2.0,13.7,0.0,0,https://www.banggood.com/ANGWATT-Switch-Handlebar-Switch-Shift-For-ANGWATT-X1-ANGWATT-CS1-ANGWATT-F1-NEW-ANGWATT-T1-2_0-ANGWATT-C1-MAX-ANGWATT-C1-2_0-p-2021139.html?rmmds=SportsFlashDeals&cur_warehouse=CN&ID=6287830,Mid-Range ($10-50),124,0.11048387096774193
Sports,IPRee 7 Meter/50 LED Solar Droplet Lights String Outdoor Waterproof Garden Lawn Paths Fencing Wedding Party Holiday Decora Solar Powered Light,9.99,0.0,0,https://www.banggood.com/IPRee-7-Meter-or-50-LED-Solar-Droplet-Lights-String-Outdoor-Waterproof-Garden-Lawn-Paths-Fencing-Wedding-Party-Holiday-Decora-Solar-Powered-Light-p-2041230.html?rmmds=SportsFlashDeals&cur_warehouse=CN&ID=6290428,Budget (<$10),142,0.07035211267605634
Sports,TENGOO 1pc Winter Neck Gaiter Hat For Men And Women Camping Fleece Neck Gaiter Ski Tube Scarf Snowboard Half Face Mask Face Cover Men Women Outdoor Cold Proof Neck Winter,7.99,0.0,0,https://www.banggood.com/TENGOO-1pc-Winter-Neck-Gaiter-Hat-For-Men-And-Women-Camping-Fleece-Neck-Gaiter-Ski-Tube-Scarf-Snowboard-Half-Face-Mask-Face-Cover-Men-Women-Outdoor-Cold-Proof-Neck-Winter-p-2024100.html?rmmds=SportsFlashDeals&cur_warehouse=CN&ID=6290823,Budget (<$10),170,0.047
Sports,ANGWATT Speed Throttle For ANGWATT X1 ANGWATT CS1 ANGWATT F1 NEW ANGWATT T1 2.0 ANGWATT C1 2.0 ANGWATT C1 MAX ANGWATT T1 3.0 ANGWATT X1 2.0 ANGWATT CS1 PRO ANGWATT CS1 2025,13.7,0.0,0,https://www.banggood.com/ANGWATT-Speed-Throttle-For-ANGWATT-X1-ANGWATT-CS1-ANGWATT-F1-NEW-ANGWATT-T1-2_0-ANGWATT-C1-2_0-ANGWATT-C1-MAX-ANGWATT-T1-3_0-ANGWATT-X1-2_0-ANGWATT-CS1-PRO-ANGWATT-CS1-2025-p-2021141.html?rmmds=SportsFlashDeals&cur_warehouse=CN&ID=6287830,Mid-Range ($10-50),172,0.07965116279069767
Sports,LAOTIE BM2 Universal Bike Phone Holder Four Corners Shockproof Free Rotation 4.0,9.99,0.0,0,https://www.banggood.com/LAOTIE-BM2-Universal-Bike-Phone-Holder-Four-Corners-Shockproof-Free-Rotation-4_0-inch-7_0-inch-Cellphone-Electric-Scooter-Motorcycle-Bicycle-Mount-for-SAMEBIKE-LAOTIE-p-2014903.html?rmmds=SportsFlashDeals&cur_warehouse=CN&ID=0,Budget (<$10),80,0.124875
Sports,Anti-theft Lock For Electric Scooter Xiaomi Mijia Electric Scooter Electric Bike Disc Brake Lock With Steel Wire Bicycle Mountain Bike Motorcycle Disc lock Safety Theft Protect,4.59,0.0,0,https://www.banggood.com/Anti-theft-Lock-For-Electric-Scooter-Xiaomi-Mijia-Electric-Scooter-Electric-Bike-Disc-Brake-Lock-With-Steel-Wire-Bicycle-Mountain-Bike-Motorcycle-Disc-lock-Safety-Theft-Protect-p-1981220.html?rmmds=SportsFlashDeals&cur_warehouse=CN&ID=6287830,Budget (<$10),176,0.026079545454545452
Electronics,SEALIGHT S2S-H7 Pair Car Front LED Headlight Car Headlamp Hi/Low Beam Super Brightness Light Bulb 6500K Cool White,18.99,0.0,0,https://www.banggood.com/SEALIGHT-S2S-H7-Pair-Car-Front-LED-Headlight-Car-Headlamp-Hi-or-Low-Beam-Super-Brightness-Light-Bulb-6500K-Cool-White-p-2008375.html?rmmds=AutomobilesFlashDeals&cur_warehouse=CN&ID=0,Mid-Range ($10-50),114,0.16657894736842105
Electronics,12V/24V Car Heater Fan Fast Heat Truck/Excavator Interior Heating Auto Electric Heater Cooling Auto Windshield Defroster Defogger Demister,11.99,0.0,0,https://www.banggood.com/12V-or-24V-Car-Heater-Fan-Fast-Heat-Truck-or-Excavator-Interior-Heating-Auto-Electric-Heater-Cooling-Auto-Windshield-Defroster-Defogger-Demister-p-2023894.html?rmmds=AutomobilesFlashDeals&cur_warehouse=CN&ID=495546287830,Mid-Range ($10-50),138,0.08688405797101449
Electronics,Rain Shoe Covers Waterproof Anti-Slip Rainproof Motorcycle Shoe Covers High Long Tube Waterproof Shoe Covers Non-Slip Thickened Outdoor Riding Sandproof Snowproof,9.99,0.0,0,https://www.banggood.com/Rain-Shoe-Covers-Waterproof-Anti-Slip-Rainproof-Motorcycle-Shoe-Covers-High-Long-Tube-Waterproof-Shoe-Covers-Non-Slip-Thickened-Outdoor-Riding-Sandproof-Snowproof-p-2013254.html?rmmds=AutomobilesFlashDeals&cur_warehouse=CN&ID=521822,Budget (<$10),162,0.06166666666666667
Electronics,250W PD Car Charger QC3.0 Fast Charge with Digital Display Plug Car Charger Socket Flash Charge Digital Display Car Charger,5.99,0.0,0,https://www.banggood.com/250W-PD-Car-Charger-QC3_0-Fast-Charge-with-Digital-Display-Plug-Car-Charger-Socket-Flash-Charge-Digital-Display-Car-Charger-p-2014950.html?rmmds=AutomobilesFlashDeals&cur_warehouse=CN&ID=511646,Budget (<$10),123,0.04869918699186992
Electronics,5 Inch Single Din Car Stereo MP5 Player 300PPI Ultra-Clear Touchscreen bluetooth Reverse Interconnection Wireless Apple CarPlay/Android Auto USB Type-C Fast Charge,45.99,0.0,0,https://www.banggood.com/5-Inch-Single-Din-Car-Stereo-MP5-Player-300PPI-Ultra-Clear-Touchscreen-bluetooth-Reverse-Interconnection-Wireless-Apple-CarPlay-or-Android-Auto-USB-Type-C-Fast-Charge-p-2029089.html?rmmds=AutomobilesFlashDeals&cur_warehouse=CN&ID=6287830,Mid-Range ($10-50),163,0.2821472392638037
Electronics,2PCS Car Blind Spot Mirror 360째 Adjustable HD Glass Wide Angle Rearview Frameless Round Frame Convex Blind Spot Mirror Safety Driving Wide Angle  Adjustable Clear Rearview Mirror,4.99,0.0,0,https://www.banggood.com/2PCS-Car-Blind-Spot-Mirror-360-Adjustable-HD-Glass-Wide-Angle-Rearview-Frameless-Round-Frame-Convex-Blind-Spot-Mirror-Safety-Driving-Wide-Angle-Adjustable-Clear-Rearview-Mirror-p-2019454.html?rmmds=AutomobilesFlashDeals&cur_warehouse=CN&ID=0,Budget (<$10),178,0.02803370786516854
Electronics,AZDOME GS63H Pro 2CH Dash Cam 4K with Super Night Vision 24H Parking Mode With 64G Memory Card Dual Dash Cam  4K+1080P Front Rear Cameras,109.99,0.0,0,https://www.banggood.com/AZDOME-GS63H-Pro-2CH-Dash-Cam-4K-with-Super-Night-Vision-24H-Parking-Mode-With-64G-Memory-Card-Dual-Dash-Cam-4K+1080P-Front-Rear-Cameras-p-2016930.html?rmmds=AutomobilesFlashDeals&cur_warehouse=CN&ID=0,Premium ($50-200),137,0.8028467153284671
Electronics,4G GPS Car Locator Mini Locator Vehicle Tracker GPS Tracker Elderly/Children Car Alarm Tracking Device Multi-Scenario Locator,21.59,0.0,0,https://www.banggood.com/4G-GPS-Car-Locator-Mini-Locator-Vehicle-Tracker-GPS-Tracker-Elderly-or-Children-Car-Alarm-Tracking-Device-Multi-Scenario-Locator-p-2036509.html?rmmds=AutomobilesFlashDeals&cur_warehouse=CN&ID=6287830,Mid-Range ($10-50),125,0.17272
Electronics,4000/5000/6000W Modified Sine Wave Solar Power Inverter 12/24V DC to 220V AC Voltage Converter,27.99,0.0,0,https://www.banggood.com/4000-or-5000-or-6000W-Modified-Sine-Wave-Solar-Power-Inverter-12-or-24V-DC-to-220V-AC-Voltage-Converter-p-1879052.html?rmmds=AutomobilesFlashDeals&cur_warehouse=CN&ID=63299736329979,Mid-Range ($10-50),94,0.2977659574468085
Electronics,VCDS 24.7 Scanner Tool Cable OBD2 Diagnostic Multi-language HEX V2 Wesheu VCDS COM for VAG for Audi/Skoda/Volkswagen,17.5,0.0,0,https://www.banggood.com/VCDS-24_7-Scanner-Tool-Cable-OBD2-Diagnostic-Multi-language-HEX-V2-Wesheu-VCDS-COM-for-VAG-for-Audi-or-Skoda-or-Volkswagen-p-2027577.html?rmmds=AutomobilesFlashDeals&cur_warehouse=CN&ID=6305884,Mid-Range ($10-50),116,0.15086206896551724
Electronics,SEALIGHT S2-H7 LED Car Front Headlight 28000LM Headlamps Hi Low Beam  6500K LED Headlights,16.59,0.0,0,https://www.banggood.com/SEALIGHT-S2-H7-LED-Car-Front-Headlight-28000LM-Headlamps-Hi-Low-Beam-6500K-LED-Headlights-p-2008374.html?rmmds=AutomobilesFlashDeals&cur_warehouse=CN&ID=0,Mid-Range ($10-50),90,0.18433333333333332
Electronics,12V Car Heater Fan Car Electric Heater Fan Winter Defog With Fast Heating Heater Portable Car Heater Car Windshield Defrost Fast Heating,13.99,0.0,0,https://www.banggood.com/12V-Car-Heater-Fan-Car-Electric-Heater-Fan-Winter-Defog-With-Fast-Heating-Heater-Portable-Car-Heater-Car-Windshield-Defrost-Fast-Heating-p-2021671.html?rmmds=AutomobilesFlashDeals&cur_warehouse=CN&ID=6287845,Mid-Range ($10-50),136,0.10286764705882354
Electronics,B-type Dual-hole AC to DC Adapter 1.7m Long for Diesel Heater Car Parking Accessories,18.99,0.0,0,https://www.banggood.com/B-type-Dual-hole-AC-to-DC-Adapter-1_7m-Long-for-Diesel-Heater-Car-Parking-Accessories-p-2024920.html?rmmds=AutomobilesFlashDeals&cur_warehouse=CN&ID=47758,Mid-Range ($10-50),85,0.22341176470588234
Electronics,1 Din 5 Inch Car Mp5 Player Car Card Radio bluetooth Reverse Amplifier Wireless Carplay Car Stereo Car Audio DVD Player,41.99,0.0,0,https://www.banggood.com/1-Din-5-Inch-Car-Mp5-Player-Car-Card-Radio-bluetooth-Reverse-Amplifier-Wireless-Carplay-Car-Stereo-Car-Audio-DVD-Player-p-2029074.html?rmmds=AutomobilesFlashDeals&cur_warehouse=CN&ID=6329850,Mid-Range ($10-50),119,0.35285714285714287
Electronics,Car Rear View Mirror Cap Cover For BMW F21 F22 F30 F32 F33 F34 F35 F36 E84 2012-2019 Carbon Fiber Look Direct Add-On M-Style,15.99,0.0,0,https://www.banggood.com/Car-Rear-View-Mirror-Cap-Cover-For-BMW-F21-F22-F30-F32-F33-F34-F35-F36-E84-2012-2019-Carbon-Fiber-Look-Direct-Add-On-M-Style-p-2017977.html?rmmds=AutomobilesFlashDeals&cur_warehouse=CN&ID=0,Mid-Range ($10-50),124,0.12895161290322582
Electronics,2 Inch IPS Screen Car Dash Cam 3-Channel Driving Recorder G-sensor Loop Recording Parking Monitoring,29.99,0.0,0,https://www.banggood.com/2-Inch-IPS-Screen-Car-Dash-Cam-3-Channel-Driving-Recorder-G-sensor-Loop-Recording-Parking-Monitoring-p-2017590.html?rmmds=AutomobilesFlashDeals&cur_warehouse=CN&ID=6302920,Mid-Range ($10-50),100,0.2999
Electronics,"GPS Tracker for Vehicles  Portable GPS Tracking Device,Full Global Coverage Location Tracker for Car Kids Dogs",14.99,0.0,0,"https://www.banggood.com/GPS-Tracker-for-Vehicles-Portable-GPS-Tracking-Device,Full-Global-Coverage-Location-Tracker-for-Car-Kids-Dogs-p-2034924.html?rmmds=AutomobilesFlashDeals&cur_warehouse=CN&ID=6287830",Mid-Range ($10-50),110,0.13627272727272727
Electronics,CCS1 Electric Car Charging Converter 250KW High Power Charging Adapter For Tesla Charger Adapter Charging Gun Converter,53.99,0.0,0,https://www.banggood.com/CCS1-Electric-Car-Charging-Converter-250KW-High-Power-Charging-Adapter-For-Tesla-Charger-Adapter-Charging-Gun-Converter-p-1999898.html?rmmds=AutomobilesFlashDeals&cur_warehouse=CN&ID=0,Premium ($50-200),119,0.4536974789915967
Electronics,Konnwei KW906 OBD2 ELM327 V1.5 Pic18F25K80 OBD 2 Bluetooth 5.0 Scanners Car Diagnostic tool Code Reader For Android/IOS,12.99,0.0,0,https://www.banggood.com/Konnwei-KW906-OBD2-ELM327-V1_5-Pic18F25K80-OBD-2-Bluetooth-5_0-Scanners-Car-Diagnostic-tool-Code-Reader-For-Android-or-IOS-p-2014925.html?rmmds=AutomobilesFlashDeals&cur_warehouse=CN&ID=6287842,Mid-Range ($10-50),119,0.10915966386554622
Electronics,INFITARY 12V H4 H7 H11 COB LED Car Headlight Bulbs Super Bright Modified Auto Light F2,9.99,0.0,0,https://www.banggood.com/INFITARY-12V-H4-H7-H11-COB-LED-Car-Headlight-Bulbs-Super-Bright-Modified-Auto-Light-F2-p-1977403.html?rmmds=AutomobilesFlashDeals&cur_warehouse=CN&ID=517841,Budget (<$10),86,0.11616279069767442
Electronics,HCALORY bluetooth LCD Switch & Remote Control Parking Heater Accessories for 12V 24V Universal Voltage Models,18.99,0.0,0,https://www.banggood.com/HCALORY-bluetooth-LCD-Switch-and-Remote-Control-Parking-Heater-Accessories-for-12V-24V-Universal-Voltage-Models-p-1979116.html?rmmds=AutomobilesFlashDeals&cur_warehouse=CN&ID=0,Mid-Range ($10-50),109,0.17422018348623852
Electronics,OZIO 12/24V Car Lighter Charger Universal Fast Charging 66W QC3.0 USB PD20W Type-C Power Supply Socket Adapter 4in1 with LCD Display for Driver RTV SUV MPV,9.5,0.0,0,https://www.banggood.com/OZIO-12-or-24V-Car-Lighter-Charger-Universal-Fast-Charging-66W-QC3_0-USB-PD20W-Type-C-Power-Supply-Socket-Adapter-4in1-with-LCD-Display-for-Driver-RTV-SUV-MPV-p-2014199.html?rmmds=AutomobilesFlashDeals&cur_warehouse=CN&ID=0,Budget (<$10),155,0.06129032258064516
Electronics,7 Inch Touch Screen Car MP5 Player With Dash Cam AHD Portable Stereo Radio Wireless Carplay Monitor Android Auto BT FM Multimedia,29.99,0.0,0,https://www.banggood.com/7-Inch-Touch-Screen-Car-MP5-Player-With-Dash-Cam-AHD-Portable-Stereo-Radio-Wireless-Carplay-Monitor-Android-Auto-BT-FM-Multimedia-p-2019159.html?rmmds=AutomobilesFlashDeals&cur_warehouse=CN&ID=514829,Mid-Range ($10-50),129,0.23248062015503876
Electronics,4.3-inch Car LCD Monitor High-Resolution Display Auto-Switching AV Input for Car Screen,14.99,0.0,0,https://www.banggood.com/4_3-inch-Car-LCD-Monitor-High-Resolution-Display-Auto-Switching-AV-Input-for-Car-Screen-p-2038646.html?rmmds=AutomobilesFlashDeals&cur_warehouse=CN&ID=6287830,Mid-Range ($10-50),87,0.17229885057471264
Electronics,Andeman 4000A 150PSI 11200mAh Portable Jump Starter with Air Compressor Function,49.99,0.0,0,https://www.banggood.com/Andeman-4000A-150PSI-11200mAh-Portable-Jump-Starter-with-Air-Compressor-Function-p-2040699.html?rmmds=AutomobilesFlashDeals&cur_warehouse=CN&ID=0,Mid-Range ($10-50),80,0.6248750000000001
Electronics,Sunbuck AV-660BT 2000W bluetooth 5.0 Audio Power Amplifier EQ Stereo AMP Car Home 2CH AUX USB FM Radio,29.99,0.0,0,https://www.banggood.com/Sunbuck-AV-660BT-2000W-bluetooth-5_0-Audio-Power-Amplifier-EQ-Stereo-AMP-Car-Home-2CH-AUX-USB-FM-Radio-p-1748941.html?rmmds=AutomobilesFlashDeals&cur_warehouse=CN&ID=471846287830,Mid-Range ($10-50),102,0.29401960784313724
Electronics,"LED Car sign,programmable LED sign, Flexible Matrix panel by Bluetooth APP, LED Display and Sign board for store, shop, bar and business areas",19.99,0.0,0,"https://www.banggood.com/LED-Car-sign,programmable-LED-sign,Flexible-Matrix-panel-by-Bluetooth-APP,LED-Display-and-Sign-board-for-store,shop,bar-and-business-areas-p-2031189.html?rmmds=AutomobilesFlashDeals&cur_warehouse=CN&ID=6332025",Mid-Range ($10-50),142,0.14077464788732394
Electronics,"2025 New Model Mini GPS Tracker,Magnetic Waterproof Covert GPS Tracker,Car Global Positioning System.Extra Long Range for Vehicles,Elderly,Kids,Pets",15.8,0.0,0,"https://www.banggood.com/2025-New-Model-Mini-GPS-Tracker,Magnetic-Waterproof-Covert-GPS-Tracker,Car-Global-Positioning-System_Extra-Long-Range-for-Vehicles,Elderly,Kids,Pets-p-2034124.html?rmmds=AutomobilesFlashDeals&cur_warehouse=CN&ID=6287830",Mid-Range ($10-50),148,0.10675675675675676
Electronics,12V / 24V 150W Car Heater portable Electric Heating Fan Automatic Windshield Dryer Defogging Demister Defroster,16.99,0.0,0,https://www.banggood.com/12V-or-24V-150W-Car-Heater-portable-Electric-Heating-Fan-Automatic-Windshield-Dryer-Defogging-Demister-Defroster-p-2042554.html?rmmds=AutomobilesFlashDeals&cur_warehouse=CN&ID=6335602,Mid-Range ($10-50),111,0.15306306306306305
Electronics,Xparkle Smart RV Leveling System bluetooth Wireless Control RVS01 Real-Time Precise Leveling Measurements Advanced Wireless Camper Leveler,42.99,0.0,0,https://www.banggood.com/Xparkle-Smart-RV-Leveling-System-bluetooth-Wireless-Control-RVS01-Real-Time-Precise-Leveling-Measurements-Advanced-Wireless-Camper-Leveler-p-2033549.html?rmmds=AutomobilesFlashDeals&cur_warehouse=CN&ID=6287830,Mid-Range ($10-50),138,0.3115217391304348
Electronics,4 Wheel USB Android Car Tire Pressure Alarm System 433.92MHz TPMS Wireless Transmission Auto Security Temperature Alarm System,32.99,0.0,0,https://www.banggood.com/4-Wheel-USB-Android-Car-Tire-Pressure-Alarm-System-433_92MHz-TPMS-Wireless-Transmission-Auto-Security-Temperature-Alarm-System-p-2035654.html?rmmds=AutomobilesFlashDeals&cur_warehouse=CN&ID=534310,Mid-Range ($10-50),126,0.26182539682539685
Electronics,HTRC 6V 12V 24V 10A-30A Smart Repair Battery Maintainer Charger P30 Charging Charger for Car Motorcycle Boat Lead-Acid AGM Lithium LiFePo4 Battery,85.99,0.0,0,https://www.banggood.com/HTRC-6V-12V-24V-10A-30A-Smart-Repair-Battery-Maintainer-Charger-P30-Charging-Charger-for-Car-Motorcycle-Boat-Lead-Acid-AGM-Lithium-LiFePo4-Battery-p-2013219.html?rmmds=AutomobilesFlashDeals&cur_warehouse=CN&ID=47758,Premium ($50-200),146,0.588972602739726
Electronics,9,72.99,0.0,0,https://www.banggood.com/9-inch-2-Din-1+16G-Android-8-Car-Stereo-Radio-IPS-2_5D-Touch-Screen-MP5-Player-GPS-WIFI-FM-p-2009508.html?rmmds=AutomobilesFlashDeals&cur_warehouse=CN&ID=5582556325927,Premium ($50-200),1,72.99
Electronics,75mm/90mm 1m Heater Duct Hose Hot Cold Air Heater Ducting Aluminum Foil For Webasto Eberspacher Air Diesel Parking Heater,8.99,0.0,0,https://www.banggood.com/75mm-or-90mm-1m-Heater-Duct-Hose-Hot-Cold-Air-Heater-Ducting-Aluminum-Foil-For-Webasto-Eberspacher-Air-Diesel-Parking-Heater-p-2042552.html?rmmds=AutomobilesFlashDeals&cur_warehouse=CN&ID=6310924,Budget (<$10),121,0.07429752066115702
Electronics,Premium Foldable Car Boot Organiser Large Capacity Oxford Fabric Non Slip Design Collapsible Storage Bag with Multiple Compartments Water Repellent,49.99,0.0,0,https://www.banggood.com/Premium-Foldable-Car-Boot-Organiser-Large-Capacity-Oxford-Fabric-Non-Slip-Design-Collapsible-Storage-Bag-with-Multiple-Compartments-Water-Repellent-p-2039934.html?rmmds=AutomobilesFlashDeals&cur_warehouse=CN&ID=224,Mid-Range ($10-50),147,0.34006802721088436
Electronics,3-IN-1 Wireless Android14 Carplay Android Auto Adapter Upgrade Plug&Play For Youtube Netflix Dongle Wireless Car AI TV BOX,36.99,0.0,0,https://www.banggood.com/3-IN-1-Wireless-Android14-Carplay-Android-Auto-Adapter-Upgrade-PlugandPlay-For-Youtube-Netflix-Dongle-Wireless-Car-AI-TV-BOX-p-2037358.html?rmmds=AutomobilesFlashDeals&cur_warehouse=CN&ID=6325244,Mid-Range ($10-50),122,0.3031967213114754
Electronics,Car Motorcycle Van 0-200Psi Digital LCD Tyre Tire Air Pump Pressure Gauge Tester,16.99,0.0,0,https://www.banggood.com/Car-Motorcycle-Van-0-200Psi-Digital-LCD-Tyre-Tire-Air-Pump-Pressure-Gauge-Tester-p-1978928.html?rmmds=AutomobilesFlashDeals&cur_warehouse=CN&ID=0,Mid-Range ($10-50),80,0.21237499999999998
Electronics,Exhaust Hose Length 300mm Diameter 60mm Stainless Steel / Muffler For Air Diesel Auxiliary Heater,11.99,0.0,0,https://www.banggood.com/Exhaust-Hose-Length-300mm-Diameter-60mm-Stainless-Steel-or-Muffler-For-Air-Diesel-Auxiliary-Heater-p-2042934.html?rmmds=AutomobilesFlashDeals&cur_warehouse=CN&ID=6301877,Mid-Range ($10-50),97,0.12360824742268041
Electronics,iMars 7023B 7 Inch 2 DIN Car MP5 Player Stereo Radio FM USB AUX HD bluetooth Touch Screen Support Rear Camera,32.99,0.0,0,https://www.banggood.com/IMars-7023B-7-Inch-2-DIN-Car-MP5-Player-Stereo-Radio-FM-USB-AUX-HD-bluetooth-Touch-Screen-Support-Rear-Camera-p-1989826.html?rmmds=AutomobilesFlashDeals&cur_warehouse=CN&ID=0,Mid-Range ($10-50),109,0.3026605504587156
Electronics,High-Quality Portable Car Heater Fan  Fast  Efficient  Reliable - Perfect for Tech-Savvy Car Owners,15.99,0.0,0,https://www.banggood.com/High-Quality-Portable-Car-Heater-Fan-Fast-Efficient-Reliable-Perfect-for-Tech-Savvy-Car-Owners-p-2040547.html?rmmds=AutomobilesFlashDeals&cur_warehouse=CN&ID=6287830,Mid-Range ($10-50),99,0.16151515151515153
Electronics,"150,000 RPM Multifunctional Mini Turbo Blower 5 Speed Gear LED Display Air Blower Handheld Car Fan Air Duster with Light",41.79,0.0,0,"https://www.banggood.com/150,000-RPM-Multifunctional-Mini-Turbo-Blower-5-Speed-Gear-LED-Display-Air-Blower-Handheld-Car-Fan-Air-Duster-with-Light-p-2032517.html?rmmds=AutomobilesFlashDeals&cur_warehouse=CN&ID=6287830",Mid-Range ($10-50),120,0.34825
Electronics,200W High Power Car Inverter Charger 12V To 110V 220V Multi-Function Converter Type-C Mobile Phone Fast Charging with Eight Output Port,12.99,0.0,0,https://www.banggood.com/200W-High-Power-Car-Inverter-Charger-12V-To-110V-220V-Multi-Function-Converter-Type-C-Mobile-Phone-Fast-Charging-with-Eight-Output-Port-p-2017628.html?rmmds=AutomobilesFlashDeals&cur_warehouse=CN&ID=554483,Mid-Range ($10-50),135,0.09622222222222222
Electronics,12V-24V 60W Triple USB Car Charger Socket PD3.0 & Dual QC3.0 with Touch Switch Fast Charge Adapter Bus Trailer Boats,6.59,0.0,0,https://www.banggood.com/12V-24V-60W-Triple-USB-Car-Charger-Socket-PD3_0-and-Dual-QC3_0-with-Touch-Switch-Fast-Charge-Adapter-Bus-Trailer-Boats-p-1977398.html?rmmds=AutomobilesFlashDeals&cur_warehouse=CN&ID=6283720,Budget (<$10),116,0.05681034482758621
Electronics,JDiag T300 OBD2 Scanner 2.8 Inch TFT Screen OBDII Multi-function Vehicles Automatic Vehicle Year Recognition Data Stream Recording,35.99,0.0,0,https://www.banggood.com/JDiag-T300-OBD2-Scanner-2_8-Inch-TFT-Screen-OBDII-Multi-function-Vehicles-Automatic-Vehicle-Year-Recognition-Data-Stream-Recording-p-2043627.html?rmmds=AutomobilesFlashDeals&cur_warehouse=CN&ID=224,Mid-Range ($10-50),130,0.27684615384615385
Electronics,Mobile Phone Holder Navigation Specific Car Support Mount Multi Functional Advanced Anti Slip Car Dashboard Phone Stand,13.99,0.0,0,https://www.banggood.com/Mobile-Phone-Holder-Navigation-Specific-Car-Support-Mount-Multi-Functional-Advanced-Anti-Slip-Car-Dashboard-Phone-Stand-p-2039276.html?rmmds=AutomobilesFlashDeals&cur_warehouse=CN&ID=6287830,Mid-Range ($10-50),119,0.11756302521008404
Electronics,Heated Seat Cushion Office USB Winter Warmer Temperature Adjustable Graphene 5V Electric Chair Pad Electric Heating Cushion Pad Chair Winter Warming 3 Layer Blanket,24.99,0.0,0,https://www.banggood.com/Heated-Seat-Cushion-Office-USB-Winter-Warmer-Temperature-Adjustable-Graphene-5V-Electric-Chair-Pad-Electric-Heating-Cushion-Pad-Chair-Winter-Warming-3-Layer-Blanket-p-2023732.html?rmmds=AutomobilesFlashDeals&cur_warehouse=CN&ID=6287830,Mid-Range ($10-50),164,0.1523780487804878
Electronics,Car Seat Heater Cushion 12V24V Winter Front Single Seat Heating Pad Car Electric Heating Mat Seat Mat Heating Vest Heated Car Seat Cushion for Winter,28.99,0.0,0,https://www.banggood.com/Car-Seat-Heater-Cushion-12V24V-Winter-Front-Single-Seat-Heating-Pad-Car-Electric-Heating-Mat-Seat-Mat-Heating-Vest-Heated-Car-Seat-Cushion-for-Winter-p-2023743.html?rmmds=AutomobilesFlashDeals&cur_warehouse=CN&ID=6287830,Mid-Range ($10-50),149,0.19456375838926174
Electronics,Violent Turbo Fan Brushless Electric Motor Vacuum Cleaner 4500Kpa 100000RPM Multi-Function Blowing Suction Handheld Portable,28.99,0.0,0,https://www.banggood.com/Violent-Turbo-Fan-Brushless-Electric-Motor-Vacuum-Cleaner-4500Kpa-100000RPM-Multi-Function-Blowing-Suction-Handheld-Portable-p-2041620.html?rmmds=AutomobilesFlashDeals&cur_warehouse=CN&ID=6287830,Mid-Range ($10-50),124,0.23379032258064514
Tools,Drillpro Manual Edge Bending Cutter Woodworking Edge Cutter Trimming Tool,9.99,0.0,0,https://www.banggood.com/Drillpro-Manual-Edge-Bending-Cutter-Woodworking-Edge-Cutter-Trimming-Tool-p-1288822.html?rmmds=ToolsFlashDeals&cur_warehouse=CN&ID=0,Budget (<$10),73,0.13684931506849315
Tools,FNIRSI LCR-P1 Transistor Tester Diode Triode Capacitance Meter 1.44 Inch Color Screen USB Type-C Anti-Burn Protection,20.99,0.0,0,https://www.banggood.com/FNIRSI-LCR-P1-Transistor-Tester-Diode-Triode-Capacitance-Meter-1_44-Inch-Color-Screen-USB-Type-C-Anti-Burn-Protection-p-2020414.html?rmmds=ToolsFlashDeals&cur_warehouse=CN&ID=6295004,Mid-Range ($10-50),117,0.17940170940170938
Tools,2 Pack ENJOYWOOD Quick Acting T Track Hold Down Clamps with T bolts and Silder Aluminum Alloy Woodworking Clamps for Routers Drill Presses CNC Table Saws,12.99,0.0,0,https://www.banggood.com/2-Pack-ENJOYWOOD-Quick-Acting-T-Track-Hold-Down-Clamps-with-T-bolts-and-Silder-Aluminum-Alloy-Woodworking-Clamps-for-Routers-Drill-Presses-CNC-Table-Saws-p-1862888.html?rmmds=ToolsFlashDeals&cur_warehouse=CN&ID=6317948,Mid-Range ($10-50),153,0.08490196078431372
Tools,FNIRSI HS-02A Smart Soldering Iron with 6 Tips High-Power 100W Adaptable to Quick Charging PD/QC Protocol Wide Temperature Range 180-842째F Featuring Adaptive Power Efficiency 0.96 IPS HD Color Screen,49.99,0.0,0,https://www.banggood.com/FNIRSI-HS-02A-Smart-Soldering-Iron-with-6-Tips-High-Power-100W-Adaptable-to-Quick-Charging-PD-or-QC-Protocol-Wide-Temperature-Range-180-842F-Featuring-Adaptive-Power-Efficiency-0_96-IPS-HD-Color-Screen-p-2010299.html?rmmds=ToolsFlashDeals&cur_warehouse=CN&ID=6333980,Mid-Range ($10-50),199,0.25120603015075377
Tools,Carpenter Pencil Set with Deep Hole Marker Built-in Sharpener and Carbide Scribe Marking Tool for Woodworking Marking Mechanical Pencils with Multi-Color Refills,9.99,0.0,0,https://www.banggood.com/Carpenter-Pencil-Set-with-Deep-Hole-Marker-Built-in-Sharpener-and-Carbide-Scribe-Marking-Tool-for-Woodworking-Marking-Mechanical-Pencils-with-Multi-Color-Refills-p-2004087.html?rmmds=ToolsFlashDeals&cur_warehouse=CN&ID=0,Budget (<$10),161,0.06204968944099379
Tools,TinySA ULTRA ZS407 Handheld Spectrum Analyzer 100kHz-7.3GHz High-Resolution 3.98,185.99,0.0,0,https://www.banggood.com/TinySA-ULTRA-ZS407-Handheld-Spectrum-Analyzer-100kHz-7_3GHz-High-Resolution-3_98-inch-IPS-TFT-LCD-Internal-LNA-Gain-USB-C-Portable-5000mAh-Battery-p-2027922.html?rmmds=ToolsFlashDeals&cur_warehouse=CN&ID=6287830,Premium ($50-200),80,2.324875
Tools,ENJOYWOOD 100pcs Pocket Hole Screw for XK4 Pocket Hole Jig,4.99,0.0,0,https://www.banggood.com/ENJOYWOOD-100pcs-Pocket-Hole-Screw-for-XK4-Pocket-Hole-Jig-p-1979413.html?rmmds=ToolsFlashDeals&cur_warehouse=CN&ID=6321744,Budget (<$10),58,0.08603448275862069
Tools,Laser Engraving Blank Aluminum Sheets 86x54x021mm Smooth Surface for Business Cards Gift Cards DIY Projects,9.99,0.0,0,https://www.banggood.com/Laser-Engraving-Blank-Aluminum-Sheets-86x54x021mm-Smooth-Surface-for-Business-Cards-Gift-Cards-DIY-Projects-p-2043312.html?rmmds=ToolsFlashDeals&cur_warehouse=CN&ID=6287830,Budget (<$10),107,0.0933644859813084
Tools,300/450/850/880mm Aluminum Alloy Rail Miter Bar Slider Table Saw Gauge Rod Miter Gauge Woodworking Tool,6.55,0.0,0,https://www.banggood.com/300-or-450-or-850-or-880mm-Aluminum-Alloy-Rail-Miter-Bar-Slider-Table-Saw-Gauge-Rod-Miter-Gauge-Woodworking-Tool-p-1414679.html?rmmds=ToolsFlashDeals&cur_warehouse=CN&ID=515969,Budget (<$10),103,0.06359223300970873
Tools,1pc DLC Coating Milling Blade Solid Carbide Bearing Guided Trim Bit 2 Flutes Spiral Flush Trim 8MM Shank Woodworking End Mill,13.99,0.0,0,https://www.banggood.com/1pc-DLC-Coating-Milling-Blade-Solid-Carbide-Bearing-Guided-Trim-Bit-2-Flutes-Spiral-Flush-Trim-8MM-Shank-Woodworking-End-Mill-p-2027969.html?rmmds=ToolsFlashDeals&cur_warehouse=CN&ID=6323855,Mid-Range ($10-50),125,0.11192
Tools,Drillpro Manual Edge Trimmer Double Edge Trimming Tools Woodworking Edge Cutter,6.99,0.0,0,https://www.banggood.com/Drillpro-Manual-Edge-Trimmer-Double-Edge-Trimming-Tools-Woodworking-Edge-Cutter-p-1288821.html?rmmds=ToolsFlashDeals&cur_warehouse=CN&ID=0,Budget (<$10),79,0.08848101265822785
Tools,FNIRSI LCR-ST1 Mini Smart Tweezer LCR SMD ESR Tester Resistance Capacitance Inductance Continuity Diode Test Measurement Tools,21.99,0.0,0,https://www.banggood.com/FNIRSI-LCR-ST1-Mini-Smart-Tweezer-LCR-SMD-ESR-Tester-Resistance-Capacitance-Inductance-Continuity-Diode-Test-Measurement-Tools-p-2018957.html?rmmds=ToolsFlashDeals&cur_warehouse=CN&ID=46052,Mid-Range ($10-50),126,0.1745238095238095
Tools,ENJOYWOOD 16mm/19mm/20mm/28mm MFT Table Workbench Quick Ratchet Bench Dog Hold Down Clamp Clip for 16mm/19mm/20mm/28mm Dog Holes,16.99,0.0,0,https://www.banggood.com/ENJOYWOOD-16mm-or-19mm-or-20mm-or-28mm-MFT-Table-Workbench-Quick-Ratchet-Bench-Dog-Hold-Down-Clamp-Clip-for-16mm-or-19mm-or-20mm-or-28mm-Dog-Holes-p-2011171.html?rmmds=ToolsFlashDeals&cur_warehouse=CN&ID=62901206317949,Mid-Range ($10-50),128,0.132734375
Tools,20M Copper Tape Snail Adhesive EMI Shielding Conductive Adhesive Foil Tape For Stained Glass Paper Circuit Electrical Repair,3.99,0.0,0,https://www.banggood.com/20M-Copper-Tape-Snail-Adhesive-EMI-Shielding-Conductive-Adhesive-Foil-Tape-For-Stained-Glass-Paper-Circuit-Electrical-Repair-p-1986599.html?rmmds=ToolsFlashDeals&cur_warehouse=CN&ID=6322797,Budget (<$10),124,0.03217741935483871
Tools,Wheel Marking Gauge Woodworking Marking Scriber Kit with 10 Replacement Cutters Solid Metal Bar Wood Scribe Tool for Carpenter,7.99,0.0,0,https://www.banggood.com/Wheel-Marking-Gauge-Woodworking-Marking-Scriber-Kit-with-10-Replacement-Cutters-Solid-Metal-Bar-Wood-Scribe-Tool-for-Carpenter-p-1992923.html?rmmds=ToolsFlashDeals&cur_warehouse=CN&ID=6323681,Budget (<$10),126,0.06341269841269842
Tools,Original Hugen Version 2.8 Inch NanoVNA-H Vector Network Antenna Analyzer 10KHz-1.5GHz MF HF VHF UHF With SD Card Slot V3.6 Version spectrum analyzer,37.99,0.0,0,https://www.banggood.com/Original-Hugen-Version-2_8-Inch-NanoVNA-H-Vector-Network-Antenna-Analyzer-10KHz-1_5GHz-MF-HF-VHF-UHF-With-SD-Card-Slot-V3_6-Version-spectrum-analyzer-p-2000205.html?rmmds=ToolsFlashDeals&cur_warehouse=CN&ID=0,Mid-Range ($10-50),149,0.2549664429530201
Tools,Automatic Centre Punch General Automatic Punch Woodworking Metal Drill Adjustable Spring Loaded Automatic Punch Hand Tools Sets,4.99,0.0,0,https://www.banggood.com/Automatic-Centre-Punch-General-Automatic-Punch-Woodworking-Metal-Drill-Adjustable-Spring-Loaded-Automatic-Punch-Hand-Tools-Sets-p-1980678.html?rmmds=ToolsFlashDeals&cur_warehouse=CN&ID=6287849,Budget (<$10),127,0.039291338582677166
Tools,RANA Z Axis Lift Height Adjuster 55mm Stroke Sheet Metal Design Laser Module Focusing Control TT-5.5S TTS-25 TTS-55 TTS-10 Engraving Machine Accessory,16.99,0.0,0,https://www.banggood.com/RANA-Z-Axis-Lift-Height-Adjuster-55mm-Stroke-Sheet-Metal-Design-Laser-Module-Focusing-Control-TT-5_5S-TTS-25-TTS-55-TTS-10-Engraving-Machine-Accessory-p-2040923.html?rmmds=ToolsFlashDeals&cur_warehouse=CN&ID=6287830,Mid-Range ($10-50),150,0.11326666666666665
Tools,Wnew 450mm Aluminum Alloy Rail Miter Bar Slider Table Saw Gauge Rod Miter Gauge Woodworking Tool,9.99,0.0,0,https://www.banggood.com/Wnew-450mm-Aluminum-Alloy-Rail-Miter-Bar-Slider-Table-Saw-Gauge-Rod-Miter-Gauge-Woodworking-Tool-p-1978345.html?rmmds=ToolsFlashDeals&cur_warehouse=CN&ID=0,Budget (<$10),96,0.1040625
Tools,1/4,12.99,0.0,0,https://www.banggood.com/1-or-4-inch-8mm-Shank-Flush-Trim-Router-Bit-Solid-CNC-Carbide-Trim-Router-Bits-for-Wood-Trimming-p-2013168.html?rmmds=ToolsFlashDeals&cur_warehouse=CN&ID=6313795,Mid-Range ($10-50),3,4.33
Tools,HONGDUI Hooked On Wood 2pcs Folding Guide Rail Clamp HD30-GD7N Bench Dog Flip Clamps Folding Rail Clip For MFT System,59.59,0.0,0,https://www.banggood.com/HONGDUI-Hooked-On-Wood-2pcs-Folding-Guide-Rail-Clamp-HD30-GD7N-Bench-Dog-Flip-Clamps-Folding-Rail-Clip-For-MFT-System-p-2042383.html?rmmds=ToolsFlashDeals&cur_warehouse=CN&ID=6317948,Premium ($50-200),117,0.5093162393162394
Tools,FNIRSI LC1020E Handheld LCR Bridge Tester 100Hz to 100kHz Precision Frequency Auto Calibration Dual Parameter Display USB Type-C Accurate Capacitance Resistance Inductance Measurement Tool,61.99,0.0,0,https://www.banggood.com/FNIRSI-LC1020E-Handheld-LCR-Bridge-Tester-100Hz-to-100kHz-Precision-Frequency-Auto-Calibration-Dual-Parameter-Display-USB-Type-C-Accurate-Capacitance-Resistance-Inductance-Measurement-Tool-p-2038809.html?rmmds=ToolsFlashDeals&cur_warehouse=CN&ID=6295004,Premium ($50-200),188,0.3297340425531915
Tools,Single Hand F Clamp High Hardness Engineering Plastic G Style Design 50mm Maximum Opening Ideal for Woodworking and Model Aviation,4.99,0.0,0,https://www.banggood.com/Single-Hand-F-Clamp-High-Hardness-Engineering-Plastic-G-Style-Design-50mm-Maximum-Opening-Ideal-for-Woodworking-and-Model-Aviation-p-2006727.html?rmmds=ToolsFlashDeals&cur_warehouse=CN&ID=0,Budget (<$10),130,0.038384615384615385
Tools,Adjustable USB Rechargeable Soldering Iron Kit with Three Tips for Home Appliance Repair Jewelry Making and DIY Projects Non-slip Grip and Storage Box,9.99,0.0,0,https://www.banggood.com/Adjustable-USB-Rechargeable-Soldering-Iron-Kit-with-Three-Tips-for-Home-Appliance-Repair-Jewelry-Making-and-DIY-Projects-Non-slip-Grip-and-Storage-Box-p-2028746.html?rmmds=ToolsFlashDeals&cur_warehouse=CN&ID=6292509,Budget (<$10),150,0.0666
Tools,HONGDUI Hooked On Wood HD30 Bench Dog Set 20mm Woodworking MFT System Bench Dog Hole Clamps for MFT Tables DIY Projects,15.99,0.0,0,https://www.banggood.com/HONGDUI-Hooked-On-Wood-HD30-Bench-Dog-Set-20mm-Woodworking-MFT-System-Bench-Dog-Hole-Clamps-for-MFT-Tables-DIY-Projects-p-2030465.html?rmmds=ToolsFlashDeals&cur_warehouse=CN&ID=6332502,Mid-Range ($10-50),119,0.13436974789915967
Tools,Jakemy JM-Y10 PRO Ultrasonic Cutter and Polisher 35W 40kHz Precision Cutting Dual Function Safety Design for Metal Wood Plastic Crafts,72.99,0.0,0,https://www.banggood.com/Jakemy-JM-Y10-PRO-Ultrasonic-Cutter-and-Polisher-35W-40kHz-Precision-Cutting-Dual-Function-Safety-Design-for-Metal-Wood-Plastic-Crafts-p-2038323.html?rmmds=ToolsFlashDeals&cur_warehouse=CN&ID=6287830,Premium ($50-200),134,0.5447014925373134
Tools,ENJOYWOOD Trimming Router Base Trimming Machine Workbench Base Adjustable Slider Aluminum Alloy 65mm to 132mm Compatibility,26.99,0.0,0,https://www.banggood.com/ENJOYWOOD-Trimming-Router-Base-Trimming-Machine-Workbench-Base-Adjustable-Slider-Aluminum-Alloy-65mm-to-132mm-Compatibility-p-2024655.html?rmmds=ToolsFlashDeals&cur_warehouse=CN&ID=6287842,Mid-Range ($10-50),123,0.21943089430894308
Tools,ENJOYWOOD 2PCS/4PCS Alloy Steel Upgrade Quick Ratchet Track Saw Guide Rail Clamp MFT Clamp for MFT Table and Guide Rail System Woodworking Clamp,27.99,0.0,0,https://www.banggood.com/ENJOYWOOD-2PCS-or-4PCS-Alloy-Steel-Upgrade-Quick-Ratchet-Track-Saw-Guide-Rail-Clamp-MFT-Clamp-for-MFT-Table-and-Guide-Rail-System-Woodworking-Clamp-p-1894619.html?rmmds=ToolsFlashDeals&cur_warehouse=CN&ID=6317948,Mid-Range ($10-50),144,0.194375
Tools,"DRILLPRO P30 Turbo Fan 130,000RPM 300g Peak Wind Pressure with 5000mAh Battery Various Nozzle Combinations Portable 29mm Brushless Motor High Performance",18.99,0.0,0,"https://www.banggood.com/DRILLPRO-P30-Turbo-Fan-130,000RPM-300g-Peak-Wind-Pressure-with-5000mAh-Battery-Various-Nozzle-Combinations-Portable-29mm-Brushless-Motor-High-Performance-p-2029958.html?rmmds=ToolsFlashDeals&cur_warehouse=CN&ID=6329932",Mid-Range ($10-50),153,0.12411764705882351
Tools,HONGDUI Hooked On Wood HD30-WZ06 MFT Stop For Woodworking Bench Dog MFT System,66.99,0.0,0,https://www.banggood.com/HONGDUI-Hooked-On-Wood-HD30-WZ06-MFT-Stop-For-Woodworking-Bench-Dog-MFT-System-p-2035436.html?rmmds=ToolsFlashDeals&cur_warehouse=CN&ID=6301877,Premium ($50-200),78,0.8588461538461538
Tools,HONGDUI Hooked On Wood HD30-WL02 Fence Dog Set Woodworking Bench Dog MFT System Bench Dog,32.99,0.0,0,https://www.banggood.com/HONGDUI-Hooked-On-Wood-HD30-WL02-Fence-Dog-Set-Woodworking-Bench-Dog-MFT-System-Bench-Dog-p-2035430.html?rmmds=ToolsFlashDeals&cur_warehouse=CN&ID=6317949,Mid-Range ($10-50),89,0.37067415730337083
Tools,HONGDUI Woodworking Planing Stop 19 or 20mm Dog Hole Bench Dog Clamp Workbench Table Accessories,11.99,0.0,0,https://www.banggood.com/HONGDUI-Woodworking-Planing-Stop-19-or-20mm-Dog-Hole-Bench-Dog-Clamp-Workbench-Table-Accessories-p-1713210.html?rmmds=ToolsFlashDeals&cur_warehouse=CN&ID=6290119,Mid-Range ($10-50),96,0.12489583333333333
Tools,ENJOYWOOD Signature Precision Square Right Angle Ruler 300mm Guaranteed T Speed Measurements Ruler for Measuring and Marking Woodworking Carpenters Aluminum Alloy Framing Professional Carpentry Use,15.99,0.0,0,https://www.banggood.com/ENJOYWOOD-Signature-Precision-Square-Right-Angle-Ruler-300mm-Guaranteed-T-Speed-Measurements-Ruler-for-Measuring-and-Marking-Woodworking-Carpenters-Aluminum-Alloy-Framing-Professional-Carpentry-Use-p-1862881.html?rmmds=ToolsFlashDeals&cur_warehouse=CN&ID=6298683,Mid-Range ($10-50),197,0.08116751269035533
Tools,ENJOYWOOD Woodworking Chamfer Tool T10 Alloy Blade Stainless Steel 9mm Hex Shank for 19mm/20mm Dog Holes Polished Finish for Electric Drills,8.99,0.0,0,https://www.banggood.com/ENJOYWOOD-Woodworking-Chamfer-Tool-T10-Alloy-Blade-Stainless-Steel-9mm-Hex-Shank-for-19mm-or-20mm-Dog-Holes-Polished-Finish-for-Electric-Drills-p-2019914.html?rmmds=ToolsFlashDeals&cur_warehouse=CN&ID=6290119,Budget (<$10),140,0.06421428571428571
Tools,HONGDUI Hooked On Wood HD38 TrueMark Ruler HD38V Adjustable TrueMark Ruler Hadfield Steel Woodworking Scriber,79.99,0.0,0,https://www.banggood.com/HONGDUI-Hooked-On-Wood-HD38-TrueMark-Ruler-HD38V-Adjustable-TrueMark-Ruler-Hadfield-Steel-Woodworking-Scriber-p-2043353.html?rmmds=ToolsFlashDeals&cur_warehouse=CN&ID=6289774,Premium ($50-200),109,0.7338532110091742
Tools,ENJOYWOOD One Way Bearing Roller Feeder Clear Cut Precision Stock Guides Featherboards Safety Feeding for Table Saw Router Table,22.99,0.0,0,https://www.banggood.com/ENJOYWOOD-One-Way-Bearing-Roller-Feeder-Clear-Cut-Precision-Stock-Guides-Featherboards-Safety-Feeding-for-Table-Saw-Router-Table-p-2020038.html?rmmds=ToolsFlashDeals&cur_warehouse=CN&ID=6301877,Mid-Range ($10-50),128,0.179609375
Tools,Drillpro Machinist Square 90쨘 Right Angle Engineer Carpenter Square with Seat Precision Ground Steel Hardened Angle Ruler,4.99,0.0,0,https://www.banggood.com/Drillpro-Machinist-Square-90-Right-Angle-Engineer-Carpenter-Square-with-Seat-Precision-Ground-Steel-Hardened-Angle-Ruler-p-1421084.html?rmmds=ToolsFlashDeals&cur_warehouse=CN&ID=6296757,Budget (<$10),121,0.04123966942148761
Tools,For 65mm Trimming Machine 2 In 1 Slotted Bracket Invisible Fasteners Wardrobe Cupboard Panel Punch Locator Aluminum with Scale,12.99,0.0,0,https://www.banggood.com/For-65mm-Trimming-Machine-2-In-1-Slotted-Bracket-Invisible-Fasteners-Wardrobe-Cupboard-Panel-Punch-Locator-Aluminum-with-Scale-p-1996465.html?rmmds=ToolsFlashDeals&cur_warehouse=CN&ID=6301877,Mid-Range ($10-50),126,0.1030952380952381
Tools,AK45 Stereo Audio Amplifier 2.0 Channel Bluetooth FM Radio USB SD Card Input Bass Treble Control Compact Amplifier,26.99,0.0,0,https://www.banggood.com/AK45-Stereo-Audio-Amplifier-2_0-Channel-Bluetooth-FM-Radio-USB-SD-Card-Input-Bass-Treble-Control-Compact-Amplifier-p-2040393.html?rmmds=ToolsFlashDeals&cur_warehouse=CN&ID=47184,Mid-Range ($10-50),114,0.23675438596491227
Tools,ENJOYWOOD Upgraded Multi-purpose Double Feather Board for Router Table Saws Miter Gauge Slot,16.99,0.0,0,https://www.banggood.com/ENJOYWOOD-Upgraded-Multi-purpose-Double-Feather-Board-for-Router-Table-Saws-Miter-Gauge-Slot-p-1520814.html?rmmds=ToolsFlashDeals&cur_warehouse=CN&ID=0,Mid-Range ($10-50),92,0.18467391304347824
Tools,"X6 140,000RPM High-Speed Turbo Fan 6000mAh Peak Battery Dual-Function Vacuum Kit Infinite Speed Control 6.0V-8.4V Adjustable Current 3-4 Hours Charging",18.99,0.0,0,"https://www.banggood.com/X6-140,000RPM-High-Speed-Turbo-Fan-6000mAh-Peak-Battery-Dual-Function-Vacuum-Kit-Infinite-Speed-Control-6_0V-8_4V-Adjustable-Current-3-4-Hours-Charging-p-2024648.html?rmmds=ToolsFlashDeals&cur_warehouse=CN&ID=6329932",Mid-Range ($10-50),151,0.1257615894039735
Tools,ENJOYWOOD Aluminum Alloy Track Saw Square Guide Rail Angle Stop Woodworking 90 Degree Right Angle Guide Plate Square Cutting Everytime for Makita / Festool,39.99,0.0,0,https://www.banggood.com/ENJOYWOOD-Aluminum-Alloy-Track-Saw-Square-Guide-Rail-Angle-Stop-Woodworking-90-Degree-Right-Angle-Guide-Plate-Square-Cutting-Everytime-for-Makita-or-Festool-p-1937748.html?rmmds=ToolsFlashDeals&cur_warehouse=CN&ID=0,Mid-Range ($10-50),155,0.258
Tools,Wnew 2PCS/4PCS MFT Table Clamps Bench Dog Clamps Quick Ratchet Release Speed Squeeze Woodworking Clamp for Workbench 20mm Dog Hole,27.99,0.0,0,https://www.banggood.com/Wnew-2PCS-or-4PCS-MFT-Table-Clamps-Bench-Dog-Clamps-Quick-Ratchet-Release-Speed-Squeeze-Woodworking-Clamp-for-Workbench-20mm-Dog-Hole-p-1454253.html?rmmds=ToolsFlashDeals&cur_warehouse=CN&ID=6317948,Mid-Range ($10-50),130,0.21530769230769228
Tools,HONGDUI KM-17 Pro Router Plane Die Steel Body Adjustable Fence with CAM Lock Depth Stop Dual Blade 1/2inches width For Fine Tuning Joinery Cutting Grooves Creating Perfect Mortises,149.99,0.0,0,https://www.banggood.com/HONGDUI-KM-17-Pro-Router-Plane-Die-Steel-Body-Adjustable-Fence-with-CAM-Lock-Depth-Stop-Dual-Blade-1-or-2inches-width-For-Fine-Tuning-Joinery-Cutting-Grooves-Creating-Perfect-Mortises-p-2003037.html?rmmds=ToolsFlashDeals&cur_warehouse=CN&ID=0,Premium ($50-200),180,0.8332777777777778
Tools,Woodworking Depth Gauge Versatile 0-50mm Dual Scale Precision Tool for Easy Router and Table Saw Setup,9.99,0.0,0,https://www.banggood.com/Woodworking-Depth-Gauge-Versatile-0-50mm-Dual-Scale-Precision-Tool-for-Easy-Router-and-Table-Saw-Setup-p-2011121.html?rmmds=ToolsFlashDeals&cur_warehouse=CN&ID=0,Budget (<$10),102,0.09794117647058824
Tools,Universal AC to DC Adapter 48W Adjustable Voltage 3-24V 3A with LCD Display 14 Tips Polarity Converter Best for Household Electronics Top Rated Power Supply,9.99,0.0,0,https://www.banggood.com/Universal-AC-to-DC-Adapter-48W-Adjustable-Voltage-3-24V-3A-with-LCD-Display-14-Tips-Polarity-Converter-Best-for-Household-Electronics-Top-Rated-Power-Supply-p-1996667.html?rmmds=ToolsFlashDeals&cur_warehouse=CN&ID=47184,Budget (<$10),156,0.06403846153846154
Tools,Xiaomi AtuMan Q2 Portable Flexible Electronic Ruler Precise Measurement up to 99.9 Meters Versatile Surface and Diameter Application Convenient Data Storage and Type-C Charging,13.99,0.0,0,https://www.banggood.com/Xiaomi-AtuMan-Q2-Portable-Flexible-Electronic-Ruler-Precise-Measurement-up-to-99_9-Meters-Versatile-Surface-and-Diameter-Application-Convenient-Data-Storage-and-Type-C-Charging-p-2015914.html?rmmds=ToolsFlashDeals&cur_warehouse=CN&ID=6304093,Mid-Range ($10-50),176,0.07948863636363636
Tools,FNIRSI-1014D 7 Inch TFT LCD Display Screen 2 In 1 Dual Channel Input Storage Oscilloscope Digital Signal Generator,133.99,0.0,0,https://www.banggood.com/FNIRSI-1014D-7-Inch-TFT-LCD-Display-Screen-2-In-1-Dual-Channel-Input-Storage-Oscilloscope-Digital-Signal-Generator-p-1864812.html?rmmds=ToolsFlashDeals&cur_warehouse=CN&ID=0,Premium ($50-200),114,1.1753508771929826
Toys,JIABAILE 4301/02/03/04 RTR 1/43 2.4G 4WD Drift RC Car Mini Race LED Light Optional Gyro Radio Control High-Speed Motor On-Road Racing Vehicle Model Boys Gifts Outdoor Toys,23.99,0.0,0,https://www.banggood.com/JIABAILE-4301-or-02-or-03-or-04-RTR-1-or-43-2_4G-4WD-Drift-RC-Car-Mini-Race-LED-Light-Optional-Gyro-Radio-Control-High-Speed-Motor-On-Road-Racing-Vehicle-Model-Boys-Gifts-Outdoor-Toys-p-2017095.html?cur_warehouse=CN&ID=6287830&rmmds=CategoryToysPop&trace_id=70f51763840405207,Mid-Range ($10-50),171,0.1402923976608187
Toys,MJX HYPER GO 16208 16209 1/16 Brushless High Speed RC Car Vehicle Models 45km/h,93.99,0.0,0,https://www.banggood.com/MJX-HYPER-GO-16208-16209-1-or-16-Brushless-High-Speed-RC-Car-Vehicle-Models-45km-or-h-p-1967165.html?cur_warehouse=CN&ID=6326710&rmmds=CategoryToysPop&trace_id=70f51763840405207,Premium ($50-200),79,1.1897468354430378
Toys,Orlandoo Hunter OH32X02 1/32 RWD Mini Truck RC Car KIT Rear Drive SUV Unassembled DIY Parts Pipe Micro Roll Cage Trophy Movable Off-road Climbing Toys Remote Control Vehicles Models,75.59,0.0,0,https://www.banggood.com/Orlandoo-Hunter-OH32X02-1-or-32-RWD-Mini-Truck-RC-Car-KIT-Rear-Drive-SUV-Unassembled-DIY-Parts-Pipe-Micro-Roll-Cage-Trophy-Movable-Off-road-Climbing-Toys-Remote-Control-Vehicles-Models-p-1989380.html?cur_warehouse=CN&ID=6325625&rmmds=CategoryToysPop&trace_id=70f51763840405207,Premium ($50-200),181,0.4176243093922652
Toys,FLYUEACE 6860 Brushed ESC 60A Waterproof Crawler Speed Controller with BEC RC Vehicles Cars Boats Tanks Models Parts,7.29,0.0,0,https://www.banggood.com/FLYUEACE-6860-Brushed-ESC-60A-Waterproof-Crawler-Speed-Controller-with-BEC-RC-Vehicles-Cars-Boats-Tanks-Models-Parts-p-1992348.html?cur_warehouse=CN&ID=6287830&rmmds=CategoryToysPop&trace_id=70f51763840405207,Budget (<$10),116,0.0628448275862069
Toys,UDIRC UCX2405 UCX2405 PRO RTR 1/24 2.4G 4WD RC Car Rock Crawler Off-Road Climbing Cage Trail Truck Snow Leopard LED Light Full Proportional Vehicles Models Oil Filled Shocks Toys,99.99,0.0,0,https://www.banggood.com/UDIRC-UCX2405-UCX2405-PRO-RTR-1-or-24-2_4G-4WD-RC-Car-Rock-Crawler-Off-Road-Climbing-Cage-Trail-Truck-Snow-Leopard-LED-Light-Full-Proportional-Vehicles-Models-Oil-Filled-Shocks-Toys-p-2026638.html?cur_warehouse=CN&ID=6330472&rmmds=CategoryToysPop&trace_id=70f51763840405207,Premium ($50-200),178,0.5617415730337079
Toys,100PCS Universal RC Body R-Type Clips Pins for All 1/10 1/12 Scale Redcat HPI Himoto HSP Exceed RC Car Parts Truck Shell Replacement,3.24,0.0,0,https://www.banggood.com/100PCS-Universal-RC-Body-R-Type-Clips-Pins-for-All-1-or-10-1-or-12-Scale-Redcat-HPI-Himoto-HSP-Exceed-RC-Car-Parts-Truck-Shell-Replacement-p-1991096.html?cur_warehouse=CN&ID=6287853&rmmds=CategoryToysPop&trace_id=70f51763840405207,Budget (<$10),132,0.024545454545454547
Toys,JJRC C8815 RTR 1/10 2.4G 4WD RC Car Willys Military Truck Off-Road Climbing LED Light Optional Winch Canopy Metal Frame Rock Crawler Full Proportional Vehicles Models Toys,52.09,0.0,0,https://www.banggood.com/JJRC-C8815-RTR-1-or-10-2_4G-4WD-RC-Car-Willys-Military-Truck-Off-Road-Climbing-LED-Light-Optional-Winch-Canopy-Metal-Frame-Rock-Crawler-Full-Proportional-Vehicles-Models-Toys-p-2022291.html?cur_warehouse=CN&ID=6332687&rmmds=CategoryToysPop&trace_id=70f51763840405207,Premium ($50-200),171,0.3046198830409357
Toys,ENOZE 8601 8602 RTR 1/24 2.4G 4WD 30km/h Drift RC Car GTR High Speed Racing LED Light On-Road Vehicles Models Toys,18.99,0.0,0,https://www.banggood.com/ENOZE-8601-8602-RTR-1-or-24-2_4G-4WD-30km-or-h-Drift-RC-Car-GTR-High-Speed-Racing-LED-Light-On-Road-Vehicles-Models-Toys-p-2020028.html?cur_warehouse=CN&ID=6287830&rmmds=CategoryToysPop&trace_id=70f51763840405207,Mid-Range ($10-50),114,0.16657894736842105
Toys,Turbo Racing C65 RTR 1/76 2.4G RWD Mini Drift RC Car Built In Gyro Chip Program Metal Counterweights CT04 Chassis Micro Sports Truck LED Lights Full Proportional Vehicles Model Kids Children Toys,71.59,0.0,0,https://www.banggood.com/Turbo-Racing-C65-RTR-1-or-76-2_4G-RWD-Mini-Drift-RC-Car-Built-In-Gyro-Chip-Program-Metal-Counterweights-CT04-Chassis-Micro-Sports-Truck-LED-Lights-Full-Proportional-Vehicles-Model-Kids-Children-Toys-p-2013599.html?cur_warehouse=CN&rmmds=CategoryToysPop&trace_id=70f51763840405207,Premium ($50-200),195,0.36712820512820515
Toys,4pcs Metal Upgraded Oil Shock Absorber For MJX 16207 16208 16209 16210 H6 RC Car Parts,11.21,0.0,0,https://www.banggood.com/4pcs-Metal-Upgraded-Oil-Shock-Absorber-For-MJX-16207-16208-16209-16210-H6-RC-Car-Parts-p-2005191.html?cur_warehouse=CN&ID=6287842&rmmds=CategoryToysPop&trace_id=70f51763840405207,Mid-Range ($10-50),86,0.13034883720930235
Toys,CXD D62 MINI Beetles 1/16 2.4G RWD Drift RC Car W/ Light Vehicle Models Toys Full Proportional Control,29.99,0.0,0,https://www.banggood.com/CXD-D62-MINI-Beetles-1-or-16-2_4G-RWD-Drift-RC-Car-W-or-Light-Vehicle-Models-Toys-Full-Proportional-Control-p-2018887.html?cur_warehouse=CN&ID=6322853&rmmds=CategoryToysPop&trace_id=70f51763840405207,Mid-Range ($10-50),102,0.29401960784313724
Toys,Upgrade Metal C Seat Steering Cup Swing Arm Central Drive Shaft For WLtoys 1/14 144010 144001 144002 RC Car Spare Parts,20.45,0.0,0,https://www.banggood.com/Upgrade-Metal-C-Seat-Steering-Cup-Swing-Arm-Central-Drive-Shaft-For-WLtoys-1-or-14-144010-144001-144002-RC-Car-Spare-Parts-p-2015790.html?cur_warehouse=CN&ID=6287842&rmmds=CategoryToysPop&trace_id=70f51763840405207,Mid-Range ($10-50),119,0.17184873949579832
Toys,Upgraded Metal Tail Wing for Wltoys 124016 124017 124018 124019 144001 1/12 1/14 RC Cars Vehicles Models Spare Parts Accessories,9.99,0.0,0,https://www.banggood.com/Upgraded-Metal-Tail-Wing-for-Wltoys-124016-124017-124018-124019-144001-1-or-12-1-or-14-RC-Cars-Vehicles-Models-Spare-Parts-Accessories-p-2023923.html?cur_warehouse=CN&ID=6287842&rmmds=CategoryToysPop&trace_id=70f51763840405207,Budget (<$10),128,0.078046875
Toys,ZLL SG116 PRO/MAX 1/16 2.4G 4WD 80km/h Brushed/Brushless RC Car LED Light Off-Road Climbing Truck High Speed Full Proportional Vehicles Model RTR Toys,61.89,0.0,0,https://www.banggood.com/ZLL-SG116-PRO-or-MAX-1-or-16-2_4G-4WD-80km-or-h-Brushed-or-Brushless-RC-Car-LED-Light-Off-Road-Climbing-Truck-High-Speed-Full-Proportional-Vehicles-Model-RTR-Toys-p-2004712.html?cur_warehouse=CN&ID=6306787&rmmds=CategoryToysPop&trace_id=70f51763840405207,Premium ($50-200),150,0.4126
Toys,Front Bumper for Wltoys 144010 144001 124017 124019 Truck Remote Control Vehicle RC Car Parts,7.19,0.0,0,https://www.banggood.com/Front-Bumper-for-Wltoys-144010-144001-124017-124019-Truck-Remote-Control-Vehicle-RC-Car-Parts-p-1999158.html?cur_warehouse=CN&rmmds=CategoryToysPop&trace_id=70f51763840405207,Budget (<$10),93,0.07731182795698925
Toys,Wltoys 284161 RTR 1/28 2.4G 4WD RC Car Off-Road Climbing High Speed LED Light Truck Full Proportional Vehicles Models Toys,48.09,0.0,0,https://www.banggood.com/Wltoys-284161-RTR-1-or-28-2_4G-4WD-RC-Car-Off-Road-Climbing-High-Speed-LED-Light-Truck-Full-Proportional-Vehicles-Models-Toys-p-1984093.html?cur_warehouse=CN&ID=531930&rmmds=CategoryToysPop&trace_id=70f51763840405207,Mid-Range ($10-50),122,0.3941803278688525
Toys,MNRC MN82S 1/12 2.4G 4WD For Toyota LC79 RC Car Full Proportional Control Climbing Off-Road Vehicle Models,63.9,0.0,0,https://www.banggood.com/MNRC-MN82S-1-or-12-2_4G-4WD-For-Toyota-LC79-RC-Car-Full-Proportional-Control-Climbing-Off-Road-Vehicle-Models-p-2023823.html?cur_warehouse=CN&ID=6322853&rmmds=CategoryToysPop&trace_id=70f51763840405207,Premium ($50-200),106,0.6028301886792453
Toys,LDARC X43 1/43 2.4G 4WD RC Car Rock Crawler Mini Climbing LED Light Off-Road Vehicles Models Remote Control Racing Toys,70.09,0.0,0,https://www.banggood.com/LDARC-X43-1-or-43-2_4G-4WD-RC-Car-Rock-Crawler-Mini-Climbing-LED-Light-Off-Road-Vehicles-Models-Remote-Control-Racing-Toys-p-1998293.html?cur_warehouse=CN&ID=6325537&rmmds=CategoryToysPop&trace_id=70f51763840405207,Premium ($50-200),119,0.5889915966386555
Toys,MNRC MN82 RTR 1/12 2.4G 4WD RC Car for TOYOTA Land Cruiser LC79 Rock Crawler LED Light Climbing Off-Road Truck Full Proportional Vehicles Models Toys,49.59,0.0,0,https://www.banggood.com/MNRC-MN82-RTR-1-or-12-2_4G-4WD-RC-Car-for-TOYOTA-Land-Cruiser-LC79-Rock-Crawler-LED-Light-Climbing-Off-Road-Truck-Full-Proportional-Vehicles-Models-Toys-p-2004388.html?cur_warehouse=CN&ID=6287843&rmmds=CategoryToysPop&trace_id=70f51763840405207,Mid-Range ($10-50),149,0.33281879194630876
Toys,JJRC C8815 1/10 Willys Military Truck RC Car Parts Winch Canopy Vehicles Models Spare Accessories,6.59,0.0,0,https://www.banggood.com/JJRC-C8815-1-or-10-Willys-Military-Truck-RC-Car-Parts-Winch-Canopy-Vehicles-Models-Spare-Accessories-p-2024112.html?cur_warehouse=CN&ID=6329819&rmmds=CategoryToysPop&trace_id=70f51763840405207,Budget (<$10),97,0.06793814432989691
Toys,FMS FCX24M RTR 1/24 2.4G 4WD RC Car for Land Rover Camel Trophy Edition Rock Crawler Off-Road Climbing Truck Two Speed LED Lights Vehicles Models Oil Filled Shocks Toys,114.09,0.0,0,https://www.banggood.com/FMS-FCX24M-RTR-1-or-24-2_4G-4WD-RC-Car-for-Land-Rover-Camel-Trophy-Edition-Rock-Crawler-Off-Road-Climbing-Truck-Two-Speed-LED-Lights-Vehicles-Models-Oil-Filled-Shocks-Toys-p-2016733.html?cur_warehouse=CN&ID=6327418&rmmds=CategoryToysPop&trace_id=70f51763840405207,Premium ($50-200),168,0.6791071428571429
Toys,Wltoys 144001 124018 124019 RC Car Upgraded Brushless 3650 4300KV Motor 120A ESC 21G Servo TX RX Combo Set Parts,7.09,0.0,0,https://www.banggood.com/Wltoys-144001-124018-124019-RC-Car-Upgraded-Brushless-3650-4300KV-Motor-120A-ESC-21G-Servo-TX-RX-Combo-Set-Parts-p-1845044.html?cur_warehouse=CN&ID=6307343&rmmds=CategoryToysPop&trace_id=70f51763840405207,Budget (<$10),112,0.06330357142857143
Toys,HBX 16889A Pro 1/16 2.4G 4WD Brushless High Speed RC Car Vehicle Models Full Propotional Two Three Battery,108.99,0.0,0,https://www.banggood.com/HBX-16889A-Pro-1-or-16-2_4G-4WD-Brushless-High-Speed-RC-Car-Vehicle-Models-Full-Propotional-Two-Three-Battery-p-1891731.html?cur_warehouse=CN&ID=531931&rmmds=CategoryToysPop&trace_id=70f51763840405207,Premium ($50-200),106,1.0282075471698113
Toys,Remo P6973 Rubber RC Car Tires For 1621 1625 1631 1635 1651 1655 Wltoys 144001 124018 124019 SG 1601 HBX 16889 RC Vehicle Models,8.57,0.0,0,https://www.banggood.com/Remo-P6973-Rubber-RC-Car-Tires-For-1621-1625-1631-1635-1651-1655-Wltoys-144001-124018-124019-SG-1601-HBX-16889-RC-Vehicle-Models-p-1450519.html?cur_warehouse=CN&rmmds=CategoryToysPop&trace_id=70f51763840405207,Budget (<$10),128,0.066953125
Toys,HBX 2996A 1/10 RC Car Parts Body Shell Painted w/ Sticker Vehicles Models Spare Accessories B001,15.99,0.0,0,https://www.banggood.com/HBX-2996A-1-or-10-RC-Car-Parts-Body-Shell-Painted-w-or-Sticker-Vehicles-Models-Spare-Accessories-B001-p-1993803.html?cur_warehouse=CN&rmmds=CategoryToysPop&trace_id=70f51763840405207,Mid-Range ($10-50),96,0.1665625
Toys,ZD Racing MT16 1/16 RC Car Parts Front Rear Hinge Pin Holder Lower suspension Pins Set Vehicles Models Spare Accessories 16015 16029,9.99,0.0,0,https://www.banggood.com/ZD-Racing-MT16-1-or-16-RC-Car-Parts-Front-Rear-Hinge-Pin-Holder-Lower-suspension-Pins-Set-Vehicles-Models-Spare-Accessories-16015-16029-p-2025693.html?cur_warehouse=CN&ID=6304208&rmmds=CategoryToysPop&trace_id=70f51763840405207,Budget (<$10),132,0.07568181818181818
Toys,JJRC R28 2.4G Smart Talking RC Robot Puppy Voice Dialogue Interaction Cute Pet For Childrens Early Education Toys,21.99,0.0,0,https://www.banggood.com/JJRC-R28-2_4G-Smart-Talking-RC-Robot-Puppy-Voice-Dialogue-Interaction-Cute-Pet-For-Childrens-Early-Education-Toys-p-2020243.html?cur_warehouse=CN&ID=6287845&rmmds=CategoryToysPop&trace_id=70f51763840405207,Mid-Range ($10-50),113,0.1946017699115044
Toys,YD001 RTR 1/50 2.4G RC Car Forklift Truck Simulation Crane Loader Remote Controlled Full Direction Engineering Vehicle Desktop Toys Model Collection Gift For Boys,25.99,0.0,0,https://www.banggood.com/YD001-RTR-1-or-50-2_4G-RC-Car-Forklift-Truck-Simulation-Crane-Loader-Remote-Controlled-Full-Direction-Engineering-Vehicle-Desktop-Toys-Model-Collection-Gift-For-Boys-p-2039998.html?cur_warehouse=CN&ID=531930&rmmds=CategoryToysPop&trace_id=70f51763840405207,Mid-Range ($10-50),162,0.1604320987654321
Toys,COOLBANK M5A1 Remote Control Transmitter RC Car Tank Spare Parts,32.99,0.0,0,https://www.banggood.com/COOLBANK-M5A1-Remote-Control-Transmitter-RC-Car-Tank-Spare-Parts-p-2015993.html?cur_warehouse=CN&rmmds=CategoryToysPop&trace_id=70f51763840405207,Mid-Range ($10-50),64,0.51546875
Toys,Enjoyable Rotating Ball Toy Early Learning Montessori Baby Toy Press Balls Spinner Color recognition Attention Training,25.99,0.0,0,https://www.banggood.com/Enjoyable-Rotating-Ball-Toy-Early-Learning-Montessori-Baby-Toy-Press-Balls-Spinner-Color-recognition-Attention-Training-p-2043994.html?cur_warehouse=CN&ID=45586&rmmds=CategoryToysPop&trace_id=70f51763840405207,Mid-Range ($10-50),119,0.2184033613445378
Automobiles,CURREN Men Sport Watch Leather Strap Quartz Watch 30M Waterproof Male Wrist Watch Multi-function Chronograph Watch,19.99,0.0,0,https://www.banggood.com/CURREN-Men-Sport-Watch-Leather-Strap-Quartz-Watch-30M-Waterproof-Male-Wrist-Watch-Multi-function-Chronograph-Watch-p-2023268.html?cur_warehouse=CN&ID=6287835&rmmds=CategoryJewelryPop&trace_id=f6501763840435134,Mid-Range ($10-50),114,0.17535087719298245
Automobiles,CURREN Chronograph Men Watch Casual Sports Fashion Calendar Analog Genuine Leather Wrist Watch,19.99,0.0,0,https://www.banggood.com/CURREN-Chronograph-Men-Watch-Casual-Sports-Fashion-Calendar-Analog-Genuine-Leather-Wrist-Watch-p-2023267.html?cur_warehouse=CN&ID=6287832&rmmds=CategoryJewelryPop&trace_id=f6501763840435134,Mid-Range ($10-50),94,0.2126595744680851
Automobiles,[World Premiere]Zeblaze Stratos 2 Ultra 1.43 HD AMOLED GPS 10 ATM Waterproof Barometric Altimeter Compass 60 days Battery Life GPS Dual-band GNSS 6 Satellite Positioning System Health Management Ultimate Outdoor Smart Watch,49.99,0.0,0,https://www.banggood.com/World-PremiereZeblaze-Stratos-2-Ultra-1_43-HD-AMOLED-GPS-10-ATM-Waterproof-Barometric-Altimeter-Compass-60-days-Battery-Life-GPS-Dual-band-GNSS-6-Satellite-Positioning-System-Health-Management-Ultimate-Outdoor-Smart-Watch-p-2020824.html?cur_warehouse=CN&ID=6287853&rmmds=CategoryJewelryPop&trace_id=f6501763840435134,Mid-Range ($10-50),223,0.22417040358744394
Automobiles,ET585 2.04inch AMOLED Display PPG+ECG Micro-physical Examination Function HRV Detection Heart Rate Blood Pressure Blood Oxygen Monitor Sleep Monitoring Blood Sugar Blood Component BMI Measurement Meto NFC Music Playback Waterproof Smart Watch,29.99,0.0,0,https://www.banggood.com/ET585-2_04inch-AMOLED-Display-PPG+ECG-Micro-physical-Examination-Function-HRV-Detection-Heart-Rate-Blood-Pressure-Blood-Oxygen-Monitor-Sleep-Monitoring-Blood-Sugar-Blood-Component-BMI-Measurement-Meto-NFC-Music-Playback-Waterproof-Smart-Watch-p-2018697.html?cur_warehouse=CN&ID=6287842&rmmds=CategoryJewelryPop&trace_id=f6501763840435134,Mid-Range ($10-50),242,0.12392561983471073
Automobiles,Zeblaze Stratos 2 Plus 1.43 inch AMOLED GPS Health and Fitness Barometric Altimeter Compass 3 ATM Waterproof Smart Watch,39.99,0.0,0,https://www.banggood.com/Zeblaze-Stratos-2-Plus-1_43-inch-AMOLED-GPS-Health-and-Fitness-Barometric-Altimeter-Compass-3-ATM-Waterproof-Smart-Watch-p-2025436.html?cur_warehouse=CN&ID=6287830&rmmds=CategoryJewelryPop&trace_id=f6501763840435134,Mid-Range ($10-50),120,0.33325
Automobiles,[World Premiere]Zeblaze Lily 2 1.2inch AMOLED Double Straps bluetooth Call Heart Rate Blood Pressure Blood Oxygen Monitor Sleep Monitoring Breathe Training Womens Health Multi-sport Modes IP68 Waterproof Smart Watch,33.99,0.0,0,https://www.banggood.com/World-PremiereZeblaze-Lily-2-1_2inch-AMOLED-Double-Straps-bluetooth-Call-Heart-Rate-Blood-Pressure-Blood-Oxygen-Monitor-Sleep-Monitoring-Breathe-Training-Womens-Health-Multi-sport-Modes-IP68-Waterproof-Smart-Watch-p-2027349.html?cur_warehouse=CN&ID=6287840&rmmds=CategoryJewelryPop&trace_id=f6501763840435134,Mid-Range ($10-50),215,0.15809302325581395
Automobiles,"3 PCS Watch Repair Tool Set Watch Wrench Back Remover Tool Adjustable Opener Back Case Remover Watch Case Back Opener Set Repair Remover Holder Base, Tweezers",8.29,0.0,0,"https://www.banggood.com/3-PCS-Watch-Repair-Tool-Set-Watch-Wrench-Back-Remover-Tool-Adjustable-Opener-Back-Case-Remover-Watch-Case-Back-Opener-Set-Repair-Remover-Holder-Base,Tweezers-p-2024898.html?cur_warehouse=CN&ID=6294753&rmmds=CategoryJewelryPop&trace_id=f6501763840435134",Budget (<$10),158,0.05246835443037974
Automobiles,Original Zeblaze 22mm Silicone Replacement Strap for Zeblaze Smart Watch 22mm Width,10.99,0.0,0,https://www.banggood.com/Original-Zeblaze-22mm-Silicone-Replacement-Strap-for-Zeblaze-Smart-Watch-22mm-Width-p-1994448.html?cur_warehouse=CN&ID=6287844&rmmds=CategoryJewelryPop&trace_id=f6501763840435134,Mid-Range ($10-50),83,0.13240963855421686
Automobiles,"CURREN Business Men Watch Steel Band Multifunctional Chronograph Wristwatch Waterproof Round Watch, Ideal choice for Gifts",22.99,0.0,0,"https://www.banggood.com/CURREN-Business-Men-Watch-Steel-Band-Multifunctional-Chronograph-Wristwatch-Waterproof-Round-Watch,Ideal-choice-for-Gifts-p-2023596.html?cur_warehouse=CN&ID=6288936&rmmds=CategoryJewelryPop&trace_id=f6501763840435134",Mid-Range ($10-50),122,0.18844262295081965
Automobiles,"11pcs Watch Link Removal Tool Kit Watch Band Tool Chain Pin Remover Repair Tool Kit for Watch Band Adjustment Watch, Watch Bracelet Sizing And Watch Repair",7.29,0.0,0,"https://www.banggood.com/11pcs-Watch-Link-Removal-Tool-Kit-Watch-Band-Tool-Chain-Pin-Remover-Repair-Tool-Kit-for-Watch-Band-Adjustment-Watch,Watch-Bracelet-Sizing-And-Watch-Repair-p-2025013.html?cur_warehouse=CN&ID=6287830&rmmds=CategoryJewelryPop&trace_id=f6501763840435134",Budget (<$10),155,0.04703225806451613
Automobiles,"CRRJU Watches Men Simple Dial Bright Needle Wristwatch Waterproof Male Round Fashion Quartz Watch with a Box, Ideal Choice for Gifts",14.99,0.0,0,"https://www.banggood.com/CRRJU-Watches-Men-Simple-Dial-Bright-Needle-Wristwatch-Waterproof-Male-Round-Fashion-Quartz-Watch-with-a-Box,Ideal-Choice-for-Gifts-p-2021753.html?cur_warehouse=CN&ID=6287832&rmmds=CategoryJewelryPop&trace_id=f6501763840435134",Mid-Range ($10-50),132,0.11356060606060606
Automobiles,22mm Quick Release Steel Mesh Belt Replacement Strap for Zeblaze Smart Watch,5.49,0.0,0,https://www.banggood.com/22mm-Quick-Release-Steel-Mesh-Belt-Replacement-Strap-for-Zeblaze-Smart-Watch-p-2004983.html?cur_warehouse=CN&ID=6287830&rmmds=CategoryJewelryPop&trace_id=f6501763840435134,Budget (<$10),76,0.07223684210526315
Automobiles,CRRJU Luxury Mens Business Watches Fashion Stainless Steel Quartz Watches Auto Date Luminous Steel Bracelet Wristwatch,16.29,0.0,0,https://www.banggood.com/CRRJU-Luxury-Mens-Business-Watches-Fashion-Stainless-Steel-Quartz-Watches-Auto-Date-Luminous-Steel-Bracelet-Wristwatch-p-2023169.html?cur_warehouse=CN&ID=6316362&rmmds=CategoryJewelryPop&trace_id=f6501763840435134,Mid-Range ($10-50),118,0.1380508474576271
Automobiles,22mm Multi-color Hand-sewn Retro Cow Leather Smart Watch Band Replacement Strap,9.99,0.0,0,https://www.banggood.com/22mm-Multi-color-Hand-sewn-Retro-Cow-Leather-Smart-Watch-Band-Replacement-Strap-p-2010132.html?cur_warehouse=CN&ID=6326037&rmmds=CategoryJewelryPop&trace_id=f6501763840435134,Budget (<$10),79,0.12645569620253164
Automobiles,BlitzWolf짰 BW-AT5 1.43 inch AMOLED 466*466 pixel Altitude Barometer Compass Full Touch Plus 5 Buttons Health Monitoring bluetooth Call Outdoor Sports Smart Watch,29.99,0.0,0,https://www.banggood.com/BlitzWolf-BW-AT5-1_43-inch-AMOLED-466+466-pixel-Altitude-Barometer-Compass-Full-Touch-Plus-5-Buttons-Health-Monitoring-bluetooth-Call-Outdoor-Sports-Smart-Watch-p-2017249.html?cur_warehouse=CN&ID=6287830&rmmds=CategoryJewelryPop&trace_id=f6501763840435134,Mid-Range ($10-50),161,0.18627329192546582
Automobiles,LIGE Mens Sport Watches Big Dial Chronograph Watches Multifunctional Business Casual Quartz Watch Mens Waterproof Chronograph Wristwatches,35.99,0.0,0,https://www.banggood.com/LIGE-Mens-Sport-Watches-Big-Dial-Chronograph-Watches-Multifunctional-Business-Casual-Quartz-Watch-Mens-Waterproof-Chronograph-Wristwatches-p-2025015.html?cur_warehouse=CN&ID=6326832&rmmds=CategoryJewelryPop&trace_id=f6501763840435134,Mid-Range ($10-50),138,0.26079710144927537
Automobiles,NAVIFORCE Men Multifunctional Quartz Watch Fashion Genuine Leather Strap Sports Watch Exquisite Waterproof Wristwatches for Mens Gift,27.29,0.0,0,https://www.banggood.com/NAVIFORCE-Men-Multifunctional-Quartz-Watch-Fashion-Genuine-Leather-Strap-Sports-Watch-Exquisite-Waterproof-Wristwatches-for-Mens-Gift-p-2024880.html?cur_warehouse=CN&ID=6287830&rmmds=CategoryJewelryPop&trace_id=f6501763840435134,Mid-Range ($10-50),133,0.20518796992481203
Automobiles,LOKMAT G0041 22mm Multi-color Silicone Replacement Strap for LOKMAT Smart Watch 22mm Width,9.99,0.0,0,https://www.banggood.com/LOKMAT-G0041-22mm-Multi-color-Silicone-Replacement-Strap-for-LOKMAT-Smart-Watch-22mm-Width-p-1998280.html?cur_warehouse=CN&ID=6287830&rmmds=CategoryJewelryPop&trace_id=f6501763840435134,Budget (<$10),90,0.111
Automobiles,[2024 World Premiere]New Zeblaze Btalk 3 Plus 1.39 inch Large HD Color Display Fitness Tracking HiFi bluetooth Phone Calls Health and Fitness Tracking Smart Watch,49.99,0.0,0,https://www.banggood.com/2024-World-PremiereNew-Zeblaze-Btalk-3-Plus-1_39-inch-Large-HD-Color-Display-Fitness-Tracking-HiFi-bluetooth-Phone-Calls-Health-and-Fitness-Tracking-Smart-Watch-p-2013717.html?cur_warehouse=CN&ID=6287830&rmmds=CategoryJewelryPop&trace_id=f6501763840435134,Mid-Range ($10-50),162,0.30858024691358027
Automobiles,SKMEI Mens Quartz Watch Waterproof Small Dial Date Calendar Simple Fashion Sports Watch for Men Women,15.29,0.0,0,https://www.banggood.com/SKMEI-Mens-Quartz-Watch-Waterproof-Small-Dial-Date-Calendar-Simple-Fashion-Sports-Watch-for-Men-Women-p-2023456.html?cur_warehouse=CN&ID=6287830&rmmds=CategoryJewelryPop&trace_id=f6501763840435134,Mid-Range ($10-50),101,0.15138613861386138
Automobiles,NAVIFORCE Men Casual Sport Watch Calendar Quartz Wrist Watch Waterproof Shock Resistant Men Watches Leather Strap,17.49,0.0,0,https://www.banggood.com/NAVIFORCE-Men-Casual-Sport-Watch-Calendar-Quartz-Wrist-Watch-Waterproof-Shock-Resistant-Men-Watches-Leather-Strap-p-2025816.html?cur_warehouse=CN&ID=6287836&rmmds=CategoryJewelryPop&trace_id=f6501763840435134,Mid-Range ($10-50),113,0.15477876106194688
Automobiles,CRRJU Mens Watches Luxury Fashion Large Dial Watches Stainless Steel Quartz Watch Waterproof Chronograph Business Casual Wristwatch,20.99,0.0,0,https://www.banggood.com/CRRJU-Mens-Watches-Luxury-Fashion-Large-Dial-Watches-Stainless-Steel-Quartz-Watch-Waterproof-Chronograph-Business-Casual-Wristwatch-p-2023168.html?cur_warehouse=CN&ID=6326832&rmmds=CategoryJewelryPop&trace_id=f6501763840435134,Mid-Range ($10-50),131,0.16022900763358777
Automobiles,"CRRJU Men Watches Luxury Business Quartz Watch Fashion Waterproof Wristwatch, Ideal choice for Gifts",14.29,0.0,0,"https://www.banggood.com/CRRJU-Men-Watches-Luxury-Business-Quartz-Watch-Fashion-Waterproof-Wristwatch,Ideal-choice-for-Gifts-p-2025011.html?cur_warehouse=CN&ID=6287830&rmmds=CategoryJewelryPop&trace_id=f6501763840435134",Mid-Range ($10-50),100,0.1429
Automobiles,"CRRJU Mens Chronograph Watch, Stainless Steel Strap Men Watch, Fashion Waterproof Black Wristwatch with a Box Male Ideal Choice for Gifts",23.99,0.0,0,"https://www.banggood.com/CRRJU-Mens-Chronograph-Watch,Stainless-Steel-Strap-Men-Watch,Fashion-Waterproof-Black-Wristwatch-with-a-Box-Male-Ideal-Choice-for-Gifts-p-2021754.html?cur_warehouse=CN&ID=6316299&rmmds=CategoryJewelryPop&trace_id=f6501763840435134",Mid-Range ($10-50),137,0.17510948905109489
Automobiles,SKMEI Mens Sport Digital Watches Fashion Stopwatch Dual Display Watch 3 Time Countdown Wrist Watch,17.49,0.0,0,https://www.banggood.com/SKMEI-Mens-Sport-Digital-Watches-Fashion-Stopwatch-Dual-Display-Watch-3-Time-Countdown-Wrist-Watch-p-2023453.html?cur_warehouse=CN&ID=6287830&rmmds=CategoryJewelryPop&trace_id=f6501763840435134,Mid-Range ($10-50),98,0.17846938775510202
Automobiles,NAVIFORCE Men Sport Watch TPU Strap Simple Dial Quartz Wristwatch Waterproof Watch,18.29,0.0,0,https://www.banggood.com/NAVIFORCE-Men-Sport-Watch-TPU-Strap-Simple-Dial-Quartz-Wristwatch-Waterproof-Watch-p-2025814.html?cur_warehouse=CN&ID=6287830&rmmds=CategoryJewelryPop&trace_id=f6501763840435134,Mid-Range ($10-50),82,0.22304878048780485
Automobiles,DT NO.I DT Watch Ultra 1.5inch HD Screen Built-in 4GB Memory 1000+ Songs ChatGPT/Recorder/NFC/Compass bluetooth Call Heart Rate Blood Oxygen Monitor Sleep Monitoring Multi-sport Modes Music Playback IP68 Waterproof Smart Watch,29.99,0.0,0,https://www.banggood.com/DT-NO_I-DT-Watch-Ultra-1_5inch-HD-Screen-Built-in-4GB-Memory-1000+-Songs-ChatGPT-or-Recorder-or-NFC-or-Compass-bluetooth-Call-Heart-Rate-Blood-Oxygen-Monitor-Sleep-Monitoring-Multi-sport-Modes-Music-Playback-IP68-Waterproof-Smart-Watch-p-2021843.html?cur_warehouse=CN&ID=6287830&rmmds=CategoryJewelryPop&trace_id=f6501763840435134,Mid-Range ($10-50),226,0.13269911504424778
Automobiles,LIGE Mens Luxurious Fashion Quartz Watch Calendar Multifunction Waterproof Watch Chronograph Sport Wristwatch,23.29,0.0,0,https://www.banggood.com/LIGE-Mens-Luxurious-Fashion-Quartz-Watch-Calendar-Multifunction-Waterproof-Watch-Chronograph-Sport-Wristwatch-p-2025014.html?cur_warehouse=CN&ID=6326832&rmmds=CategoryJewelryPop&trace_id=f6501763840435134,Mid-Range ($10-50),109,0.2136697247706422
Automobiles,Weofly Curve 1.43inch AMOLED Display bluetooth Call Heart Rate Blood Pressure Blood Oxygen Monitor Sleep Monitoring Stress Measurement Female Health Multi-sport Modes Music Playback IP68 Waterproof Smart Watch,32.99,0.0,0,https://www.banggood.com/Weofly-Curve-1_43inch-AMOLED-Display-bluetooth-Call-Heart-Rate-Blood-Pressure-Blood-Oxygen-Monitor-Sleep-Monitoring-Stress-Measurement-Female-Health-Multi-sport-Modes-Music-Playback-IP68-Waterproof-Smart-Watch-p-2026269.html?cur_warehouse=CN&ID=6287830&rmmds=CategoryJewelryPop&trace_id=f6501763840435134,Mid-Range ($10-50),209,0.15784688995215312
Automobiles,CURREN Men Leather Strap Sport Watches Six-hand Chronograph Wristwatch Waterproof Watches Multifunctional Quartz Watch,21.29,0.0,0,https://www.banggood.com/CURREN-Men-Leather-Strap-Sport-Watches-Six-hand-Chronograph-Wristwatch-Waterproof-Watches-Multifunctional-Quartz-Watch-p-2023266.html?cur_warehouse=CN&ID=6287830&rmmds=CategoryJewelryPop&trace_id=f6501763840435134,Mid-Range ($10-50),118,0.1804237288135593
